Workbook

Sheet TRANG CHỦ
B2: ĐẤU TRƯỜNG CHÂN LÝ
B3: HƯỚNG DẪN TOÀN DIỆN LÊN THÁCH ĐẤU
B5: Mùa 18 · Đại Ngàn Kỳ Bí · Đội hình mạnh – Lên đồ – Lõi – Tinh Linh – Kinh tế – Xếp vị trí
F7: TÀI LIỆU v1.8 · CẬP NHẬT 06/10/2026 · BẢN 18.3b + XEM TRƯỚC 18.4
B11: CÁCH DÙNG – CHỈ CẦN BẤM CHỌN
B12: BƯỚC 1 | F12: BƯỚC 2 | J12: BƯỚC 3
B13: Tìm ô VÀNG viền vàng | F13: Chọn đội hình / tình huống | J13: Làm theo & tự chấm
B14: Mọi ô màu vàng đều có nút ▼ – bấm vào để chọn, không cần gõ. | F14: Trang CHỌN ĐỘI HÌNH & TRỢ LÝ VÁN ĐẤU tự hiện lộ trình, đồ, vị trí. | J14: Theo khuyến nghị từng vòng; chấm thói quen ở LỘ TRÌNH THÁCH ĐẤU.
B17: MỤC LỤC (bấm để mở)
B18: 🏳 CHỌN ẤN → ĐỘI HÌNH | E18: MỚI: chọn 3 Ấn → ra đội hình mạnh nhất + người đeo + đồ | I18: 🧠 LÕI → CÁCH ĐÁNH | L18: MỚI: lõi cho Vàng / Đồ / Ấn… → cách đánh tối ưu
B19: 🖼 HÌNH ẢNH ĐỘI HÌNH | E19: Hình ảnh các đội hình: tướng, trang bị, lõi | I19: 🎯 CHỌN ĐỘI HÌNH | L19: Chọn đội hình mạnh: lộ trình, đội hình cuối, lên đồ chuẩn, vị trí
B20: 🧭 TRỢ LÝ VÁN ĐẤU | E20: Trợ lý: đang ở vòng nào, nên lên cấp hay đổi tướng? | I20: ⚔️ LÊN ĐỒ | L20: Ghép 2 mảnh đồ, đồ khởi đầu → hướng đội hình, Tạo Tác
B21: 🏆 XẾP HẠNG ĐỘI HÌNH | E21: Xếp hạng đội hình S/A/B/C (có lọc) | I21: 🇻🇳 MÁY CHỦ VN - TRUNG - HÀN | L21: Số liệu máy chủ VIỆT NAM + Trung/Hàn & cách build
B22: 🏆 LÕI ĂN TOP 1 | E22: LÕI ĂN TOP 1: lõi phải ép + cách chơi ngay | I22: ✨ LÕI NÂNG CẤP | L22: Quy tắc chọn Lõi 2-1 / 3-2 / 4-2 + lõi mạnh
B23: 🌿 TỘC HỆ & TƯỚNG | E23: Tra cứu tộc/hệ, mốc kích hoạt, 65 tướng | I23: 🔮 TINH LINH & VÒNG ĐẤU | L23: Tinh Linh (cơ chế mùa) + bản đồ vòng đấu
B24: 💰 KINH TẾ & CẤP | E24: Tỉ lệ cửa hàng, máy tính đổi tướng, kinh tế, lộ trình cấp | I24: 🗺️ XẾP VỊ TRÍ | L24: Sơ đồ bàn cờ mẫu + 10 nguyên tắc triển khai
B25: 🚀 LỘ TRÌNH THÁCH ĐẤU | E25: 20 thói quen Thách Đấu, lỗi thường gặp, kế hoạch rank | I25: 📖 TỪ ĐIỂN THUẬT NGỮ | L25: Giải thích các từ lóng hay gặp khi xem hướng dẫn
B26: 📚 NGUỒN & PHIÊN BẢN | E26: Nguồn dữ liệu & nhật ký phiên bản
B28: TOP ĐỘI HÌNH 18.3b (tổng hợp quốc tế) – số liệu riêng VN xem trang MÁY CHỦ VN · chọn theo Ấn xem trang CHỌN ẤN
B29: # | C29: Hạng | D29: Đội hình | H29: Lối chơi | J29: Chủ lực chính | L29: Lõi nên tìm
B30: 1 | C30: S | D30: Đao Phủ Azir – Soraka & Zyra (Thực Vật) | H30: Lên 8 nhanh | J30: Soraka | L30: Thực Vật Hấp Thụ
B31: 2 | C31: S | D31: Nidalee & Aphelios Mặt Trăng | H31: Lên 8 nhanh | J31: Aphelios | L31: Thợ Rèn Kiếm
B32: 3 | C32: S | D32: Sivir & Nidalee Nguyên Sinh | H32: Lên 8 nhanh | J32: Sivir | L32: Thợ Rèn Kiếm
B33: 4 | C33: A | D33: Kha'Zix Khắc Tinh (Thần Rừng Đao Phủ) | H33: Săn 3 sao 3 vàng (đổi tướng ở cấp 7) | J33: Kha'Zix | L33: Kiếm Tai Ương (Tạo Tác)
B34: 5 | C34: A | D34: Ahri & Morgana Thuật Sĩ | H34: Lên 8 nhanh | J34: Ahri | L34: Ấn Thuật Sĩ (lên S+)
B35: 6 | C35: A | D35: Ashe Hoa Linh Lên 9 | H35: Lên 9 nhanh | J35: Ashe | L35: Tinh Linh Hoàn Tiền (tốt nhất)
B36: 7 | C36: A | D36: Rồng Ngàn Tuổi Quái Rừng | H36: Lên 9 nhanh | J36: Rồng Ngàn Tuổi | L36: Thăng Cấp.
B37: 8 | C37: A | D37: Draven Lên 9 (Thần Rừng Đao Phủ) | H37: Lên 9 nhanh | J37: Draven | L37: Thăng Tiến Cuối Trận (+2 bậc)
B38: 9 | C38: B | D38: Caitlyn Dũng Sĩ Thợ Săn | H38: Săn 3 sao 2 vàng (đổi tướng từ từ ở cấp 6) | J38: Caitlyn | L38: Tăng Vốn I
B40: 10 NGUYÊN TẮC VÀNG ĐỂ VÀO TOP
B41: 01. Top 4 đều đặn quan trọng hơn thỉnh thoảng top 1. | I41: 02. Giữ mốc lãi 50 vàng – vàng là sức mạnh cuối game.
B42: 03. Chọn đội hình theo ĐỒ + LÕI, không theo sở thích. | I42: 04. Ghép đồ sớm, giữ máu, giữ chuỗi.
B43: 05. Đổi tướng đúng mốc: lên 8 nhanh thì dồn ở 4-2. | I43: 06. Xem bàn đối thủ mỗi vòng: né đội bị tranh.
B44: 07. Tinh Linh 0 vàng: gần như luôn mua. | I44: 08. Xếp vị trí chống người mạnh nhất.
B45: 09. Máu < 40: dồn tất cả vào sức mạnh ngay. | I45: 10. Sau mỗi ván: ghi lại 1 lỗi, sửa ở ván sau.
B47: CÓ GÌ MỚI · BẢN 18.4 (07/10/2026) + META VIỆT NAM HIỆN TẠI
B48: 🗓 Bản 18.4 – 07/10/2026 | E48: Bản 18.4 ra ngày 07/10/2026 (số liệu từ máy chủ thử nghiệm, có thể chỉnh nhẹ khi ra chính thức). Hiện tại máy chủ VN vẫn là 18.3b.
B49: ⚠ 18.4 giảm tướng | E49: Ashe: Năng Lượng khởi đầu 20 → 0 · Diana: Năng Lượng 30 → 40 · Maokai: Năng Lượng 90 → 100 · Master Yi: SMCK 62 → 60.
B50: ⚠ 18.4 giảm tộc/hệ | E50: Đao Phủ chảy máu (30/40% → 25/35%) · Dũng Sĩ 3 (45% → 42%) · Thợ Săn 4 (65% → 60%) · Hỏa Ngục 3/4 · Liên Kích 3/4 · Vệ Quân 6 (120 → 115) · Tiên Linh hồi máu · Mặt Trời 3 sao (15 → 12 Giáp/KP).
B51: ✅ 18.4 tăng tộc/hệ | E51: Thuật Sĩ hồi Năng Lượng mọi mốc (2/3/5 → 3/4/6) · Mặt Trăng Tốc Độ Đánh (10/14/18% → 12/16/20%) · Hoa Linh 3/4 (45/50% → 50/55%) · Tiên Hắc Ám nhiều Tinh Chất hơn · Quái Rừng 3 (5% → 6%) · Thiên Thực 8 giây · Mặt Trời 4 cần 7 tướng 3 sao (thay vì 8).
B52: ✨ 18.4 lõi | E52: Lõi mới: thua trận nhận 2 vàng + 1 lượt đổi miễn phí; 2 bản cùng tướng nhận +25% SMCK/SMPT & +25 Giáp/KP. Quái Rừng Omega tăng. Lõi 'Búp Bê Lồng Nhau' bị xoá.
B53: 🔮 18.4 Tinh Linh | E53: Thêm 4 Tinh Linh mới (hồi Năng Lượng cả đội, Giáp cho tướng nhiều Máu nhất, Hình Nộm Tập Luyện, quà cho cả 2 người chơi). Chuột Nhắt Lan Tràn bị XOÁ. Gánh Hàng Rong rẻ hơn.
B54: 🏆 Mạnh nhất VN (18.3b) | E54: Đao Phủ Azir 2.69 · top 4 84,8% (đội bạn hay đánh) · Dũng Sĩ Ashe 2.77 · Thuật Sư Veigar 3.09 · Thần Rừng Kha'Zix 3.09 (589.544 ván / 24 giờ, OP.GG VN).
B55: 📈 18.4 dự báo lên | E55: Thuật Sư Veigar, Triệu Hồi Vi/Azir (không bị đụng), Thuật Sĩ Ahri & Morgana, Mặt Trăng Nidalee/Kayle, Tiên Phong Alune, Quái Rừng thuần.
B56: 📉 18.4 dự báo xuống | E56: Dũng Sĩ Ashe, Draven + Maokai (cả 2 bản), Thợ Săn Sivir. Đao Phủ Azir giảm NHẸ – vẫn rất mạnh.
B58: v1.8 · 06/10/2026 · Mùa 18 · Đại Ngàn Kỳ Bí · Bản vá 18.3b (đang chạy) · 18.4 ra 07/10/2026 · Tổng hợp từ GGMeo, TFT Academy, BunnyMuffins, TFT Flow, TFTactics, Mobalytics, Riot Games (xem trang NGUỒN)

Sheet CHỌN ẤN → ĐỘI HÌNH
B2: 🌿 CHỌN ẤN → ĐỘI HÌNH MẠNH NHẤT | L2: v1.8 · 06/10/2026
B3: Chọn tối đa 3 Ấn bạn đang có + loại đồ → file tự xếp hạng 19 đội hình, chỉ rõ chủ lực, đỡ đòn, đồ và ai đeo Ấn nào | L3: Bản 18.3b · 18.4 ra 07/10
B4: ◄ Về Trang Chủ
B6: BƯỚC 1 – CHỌN ẤN BẠN ĐANG CÓ (từ lõi, Tinh Linh, vòng đi chợ hoặc tự ghép Xẻng / Chảo)
B7: Bấm ô vàng ▼ để chọn. Không có ấn thì để “— Không có —”. Chọn 2 ấn giống nhau = bạn có 2 ấn cùng loại. Ô cuối: loại đồ bạn đang cầm nhiều nhất.
B8: 🏳 Ấn thứ 1 | E8: Ấn Đao Phủ | I8: =IF(DATA_AN!$B$166=0,"",INDEX(DATA_AN!$C$2:$C$22,DATA_AN!$B$166)&" · "&INDEX(DATA_AN!$D$2:$D$22,DATA_AN!$B$166)) -> Chảo Vàng + Găng Đấu Tập · +20% Tỉ Lệ Chí Mạng, +8% Sát Thương Chí Mạng; kết liễu kẻ dưới 8% Máu
B9: 🏳 Ấn thứ 2 | E9: Ấn Mặt Trăng | I9: =IF(DATA_AN!$B$167=0,"",INDEX(DATA_AN!$C$2:$C$22,DATA_AN!$B$167)&" · "&INDEX(DATA_AN!$D$2:$D$22,DATA_AN!$B$167)) -> Xẻng Vàng + Nước Mắt Nữ Thần · +20% Tốc Độ Đánh, +3 Năng Lượng mỗi giây
B10: 🏳 Ấn thứ 3 | E10: — Không có — | I10: =IF(DATA_AN!$B$168=0,"",INDEX(DATA_AN!$C$2:$C$22,DATA_AN!$B$168)&" · "&INDEX(DATA_AN!$D$2:$D$22,DATA_AN!$B$168))
B11: ⚔ Đồ bạn đang có nghiêng về | E11: Chưa rõ / cân bằng | I11: Kiếm/Cung/Găng → ưu tiên đội chủ lực VẬT LÝ · Gậy/Nước Mắt → đội PHÉP · Giáp/Áo Choàng/Đai → đội cần đỡ đòn nhiều.
B13: KẾT QUẢ – ĐỘI HÌNH MẠNH NHẤT VỚI ẤN CỦA BẠN (tự cập nhật khi đổi lựa chọn)
B14: 🥇 TOP 1 | D14: =INDEX(DATA_AN!$M$2:$M$20,DATA_AN!$B$172) -> Đao Phủ Azir (Thực Vật · Tinh Nghịch) | L14: ="Điểm: "&TEXT(INDEX(DATA_AN!$AG$2:$AG$20,DATA_AN!$B$172),"0.0")&" (ấn +"&TEXT(INDEX(DATA_AN!$AH$2:$AH$20,DATA_AN!$B$172),"0.0")&")" -> Điểm: 12.9 (ấn +7.4)
D15: 📊 Số liệu | F15: =INDEX(DATA_AN!$Y$2:$Y$20,DATA_AN!$B$172)&" · "&INDEX(DATA_AN!$Z$2:$Z$20,DATA_AN!$B$172) -> VN 18.3b: hạng TB 2.69 · top 4 84,8% · 1,15% người chơi · ↘ 18.4: Đao Phủ chảy máu giảm (40% → 35%) – giảm NHẸ, vẫn là đội tốt nhất VN
D16: 👥 Đội hình đủ | F16: =INDEX(DATA_AN!$W$2:$W$20,DATA_AN!$B$172) -> Veigar, Teemo, Azir, Fiddlesticks, Rammus, Soraka, Zyra, Kennen
D17: 🌿 Tộc/hệ bật | F17: =INDEX(DATA_AN!$X$2:$X$20,DATA_AN!$B$172) -> 3 Tinh Nghịch · 3 Đao Phủ · 2 Gai Đen · 2 Thuật Sư · 2 Triệu Hồi · 2 Thực Vật · 2 Vệ Quân · 1 Vườn Gai
D18: ⚔ Chủ lực chính | F18: =INDEX(DATA_AN!$O$2:$O$20,DATA_AN!$B$172)&" · "&INDEX(DATA_AN!$P$2:$P$20,DATA_AN!$B$172)&" → "&INDEX(DATA_AN!$Q$2:$Q$20,DATA_AN!$B$172) -> Soraka · PHÉP → Găng Bảo Thạch · Nanh Nashor · Mũ Phù Thủy Rabadon
D19: 🏹 Chủ lực phụ | F19: =INDEX(DATA_AN!$R$2:$R$20,DATA_AN!$B$172)&" · "&INDEX(DATA_AN!$S$2:$S$20,DATA_AN!$B$172)&" → "&INDEX(DATA_AN!$T$2:$T$20,DATA_AN!$B$172) -> Zyra · PHÉP → Găng Bảo Thạch · Trượng Hư Vô · Ngọn Giáo Shojin
D20: 🛡 Đỡ đòn | F20: =INDEX(DATA_AN!$U$2:$U$20,DATA_AN!$B$172)&" → "&INDEX(DATA_AN!$V$2:$V$20,DATA_AN!$B$172) -> Rammus → Thú Tượng Thạch Giáp · Vương Miện Hoàng Gia · Áo Choàng Gai
D21: 🏳 Ấn 1 | F21: =IF(DATA_AN!$B$166=0,"— (không có ấn)",CHOOSE(DATA_AN!$C$166,INDEX(DATA_AN!$B$98:$V$116,DATA_AN!$B$172,DATA_AN!$B$166),INDEX(DATA_AN!$B$120:$V$138,DATA_AN!$B$172,DATA_AN!$B$166),INDEX(DATA_AN!$B$142:$V$160,DATA_AN!$B$172,DATA_AN!$B$166))&" · +"&TEXT(CHOOSE(DATA_AN!$C$166,INDEX(DATA_AN!$B$32:$V$50,DATA_AN!$B$172,DATA_AN!$B$166),INDEX(DATA_AN!$B$54:$V$72,DATA_AN!$B$172,DATA_AN!$B$166),INDEX(DATA_AN!$B$76:$V$94,DATA_AN!$B$172,DATA_AN!$B$166)),"0.0")&" điểm") -> Đeo cho Zyra · Đao Phủ 3 → 4 ✅ mở mốc 4 · +6.5 điểm
D22: 🏳 Ấn 2 | F22: =IF(AND(DATA_AN!$B$167>0,('CHỌN ẤN → ĐỘI HÌNH'!$E$8='CHỌN ẤN → ĐỘI HÌNH'!$E$9)>0),"↑ Cùng loại với ấn phía trên – đã tính chung, xem người đeo ở dòng trên",IF(DATA_AN!$B$167=0,"— (không có ấn)",CHOOSE(DATA_AN!$C$167,INDEX(DATA_AN!$B$98:$V$116,DATA_AN!$B$172,DATA_AN!$B$167),INDEX(DATA_AN!$B$120:$V$138,DATA_AN!$B$172,DATA_AN!$B$167),INDEX(DATA_AN!$B$142:$V$160,DATA_AN!$B$172,DATA_AN!$B$167))&" · +"&TEXT(CHOOSE(DATA_AN!$C$167,INDEX(DATA_AN!$B$32:$V$50,DATA_AN!$B$172,DATA_AN!$B$167),INDEX(DATA_AN!$B$54:$V$72,DATA_AN!$B$172,DATA_AN!$B$167),INDEX(DATA_AN!$B$76:$V$94,DATA_AN!$B$172,DATA_AN!$B$167)),"0.0")&" điểm")) -> Đeo cho Soraka · chưa có Mặt Trăng – chỉ lấy chỉ số của ấn (cần 1 Mặt Trăng nữa để mở mốc 2) · +0.9 điểm
D23: 🏳 Ấn 3 | F23: =IF(AND(DATA_AN!$B$168>0,('CHỌN ẤN → ĐỘI HÌNH'!$E$8='CHỌN ẤN → ĐỘI HÌNH'!$E$10)+('CHỌN ẤN → ĐỘI HÌNH'!$E$9='CHỌN ẤN → ĐỘI HÌNH'!$E$10)>0),"↑ Cùng loại với ấn phía trên – đã tính chung, xem người đeo ở dòng trên",IF(DATA_AN!$B$168=0,"— (không có ấn)",CHOOSE(DATA_AN!$C$168,INDEX(DATA_AN!$B$98:$V$116,DATA_AN!$B$172,DATA_AN!$B$168),INDEX(DATA_AN!$B$120:$V$138,DATA_AN!$B$172,DATA_AN!$B$168),INDEX(DATA_AN!$B$142:$V$160,DATA_AN!$B$172,DATA_AN!$B$168))&" · +"&TEXT(CHOOSE(DATA_AN!$C$168,INDEX(DATA_AN!$B$32:$V$50,DATA_AN!$B$172,DATA_AN!$B$168),INDEX(DATA_AN!$B$54:$V$72,DATA_AN!$B$172,DATA_AN!$B$168),INDEX(DATA_AN!$B$76:$V$94,DATA_AN!$B$172,DATA_AN!$B$168)),"0.0")&" điểm")) -> — (không có ấn)
D24: 📈 Lên cấp | F24: =INDEX(DATA_AN!$AA$2:$AA$20,DATA_AN!$B$172) -> Cấp 7 ở 3-5 → lên 8 ở 4-2 đổi tướng tìm Soraka + Zyra 2 sao → 9 thêm Malphite
D25: =HYPERLINK("#'CHỌN ẤN → ĐỘI HÌNH'!B"&INDEX(DATA_AN!$AB$2:$AB$20,DATA_AN!$B$172),"🖼 Xem hình tướng + đồ của đội này ▶") -> 🖼 Xem hình tướng + đồ của đội này ▶
B27: 🥈 TOP 2 | D27: =INDEX(DATA_AN!$M$2:$M$20,DATA_AN!$B$173) -> Thần Rừng Kha'Zix | L27: ="Điểm: "&TEXT(INDEX(DATA_AN!$AG$2:$AG$20,DATA_AN!$B$173),"0.0")&" (ấn +"&TEXT(INDEX(DATA_AN!$AH$2:$AH$20,DATA_AN!$B$173),"0.0")&")" -> Điểm: 12.5 (ấn +8.8)
D28: 📊 Số liệu | F28: =INDEX(DATA_AN!$Y$2:$Y$20,DATA_AN!$B$173)&" · "&INDEX(DATA_AN!$Z$2:$Z$20,DATA_AN!$B$173) -> VN 18.3b: hạng TB 3.09 · top 4 78,0% · 0,33% người chơi · → 18.4: Diana chậm hơn chút, Mặt Trăng (Aphelios) tăng – cân bằng
D29: 👥 Đội hình đủ | F29: =INDEX(DATA_AN!$W$2:$W$20,DATA_AN!$B$173) -> Ornn, Diana, Fiddlesticks, Hecarim, Kha'Zix, Aphelios, Ezreal, Soraka
D30: ⚔ Chủ lực chính | F30: =INDEX(DATA_AN!$O$2:$O$20,DATA_AN!$B$173)&" · "&INDEX(DATA_AN!$P$2:$P$20,DATA_AN!$B$173)&" → "&INDEX(DATA_AN!$Q$2:$Q$20,DATA_AN!$B$173) -> Kha'Zix · LAI (vật lý + phép) → Áo Choàng Bóng Tối · Bàn Tay Công Lý · Mũ Phù Thủy Rabadon
D31: 🏹 Chủ lực phụ | F31: =INDEX(DATA_AN!$R$2:$R$20,DATA_AN!$B$173)&" · "&INDEX(DATA_AN!$S$2:$S$20,DATA_AN!$B$173)&" → "&INDEX(DATA_AN!$T$2:$T$20,DATA_AN!$B$173) -> Aphelios · VẬT LÝ → Cuồng Đao Guinsoo · Vô Cực Kiếm · Thịnh Nộ Thủy Quái
D32: 🛡 Đỡ đòn | F32: =INDEX(DATA_AN!$U$2:$U$20,DATA_AN!$B$173)&" → "&INDEX(DATA_AN!$V$2:$V$20,DATA_AN!$B$173) -> Hecarim → Thú Tượng Thạch Giáp · Áo Choàng Lửa · Giáp Máu Warmog
D33: 🏳 Đeo ấn | F33: =IF(DATA_AN!$B$166=0,"","① "&IF(DATA_AN!$B$166=0,"— (không có ấn)",CHOOSE(DATA_AN!$C$166,INDEX(DATA_AN!$B$98:$V$116,DATA_AN!$B$173,DATA_AN!$B$166),INDEX(DATA_AN!$B$120:$V$138,DATA_AN!$B$173,DATA_AN!$B$166),INDEX(DATA_AN!$B$142:$V$160,DATA_AN!$B$173,DATA_AN!$B$166))&" · +"&TEXT(CHOOSE(DATA_AN!$C$166,INDEX(DATA_AN!$B$32:$V$50,DATA_AN!$B$173,DATA_AN!$B$166),INDEX(DATA_AN!$B$54:$V$72,DATA_AN!$B$173,DATA_AN!$B$166),INDEX(DATA_AN!$B$76:$V$94,DATA_AN!$B$173,DATA_AN!$B$166)),"0.0")&" điểm")&" ")&IF(DATA_AN!$B$167=0,"","② "&IF(AND(DATA_AN!$B$167>0,('CHỌN ẤN → ĐỘI HÌNH'!$E$8='CHỌN ẤN → ĐỘI HÌNH'!$E$9)>0),"↑ Cùng loại với ấn phía trên – đã tính chung, xem người đeo ở dòng trên",IF(DATA_AN!$B$167=0,"— (không có ấn)",CHOOSE(DATA_AN!$C$167,INDEX(DATA_AN!$B$98:$V$116,DATA_AN!$B$173,DATA_AN!$B$167),INDEX(DATA_AN!$B$120:$V$138,DATA_AN!$B$173,DATA_AN!$B$167),INDEX(DATA_AN!$B$142:$V$160,DATA_AN!$B$173,DATA_AN!$B$167))&" · +"&TEXT(CHOOSE(DATA_AN!$C$167,INDEX(DATA_AN!$B$32:$V$50,DATA_AN!$B$173,DATA_AN!$B$167),INDEX(DATA_AN!$B$54:$V$72,DATA_AN!$B$173,DATA_AN!$B$167),INDEX(DATA_AN!$B$76:$V$94,DATA_AN!$B$173,DATA_AN!$B$167)),"0.0")&" điểm"))&" ")&IF(DATA_AN!$B$168=0,"","③ "&IF(AND(DATA_AN!$B$168>0,('CHỌN ẤN → ĐỘI HÌNH'!$E$8='CHỌN ẤN → ĐỘI HÌNH'!$E$10)+('CHỌN ẤN → ĐỘI HÌNH'!$E$9='CHỌN ẤN → ĐỘI HÌNH'!$E$10)>0),"↑ Cùng loại với ấn phía trên – đã tính chung, xem người đeo ở dòng trên",IF(DATA_AN!$B$168=0,"— (không có ấn)",CHOOSE(DATA_AN!$C$168,INDEX(DATA_AN!$B$98:$V$116,DATA_AN!$B$173,DATA_AN!$B$168),INDEX(DATA_AN!$B$120:$V$138,DATA_AN!$B$173,DATA_AN!$B$168),INDEX(DATA_AN!$B$142:$V$160,DATA_AN!$B$173,DATA_AN!$B$168))&" · +"&TEXT(CHOOSE(DATA_AN!$C$168,INDEX(DATA_AN!$B$32:$V$50,DATA_AN!$B$173,DATA_AN!$B$168),INDEX(DATA_AN!$B$54:$V$72,DATA_AN!$B$173,DATA_AN!$B$168),INDEX(DATA_AN!$B$76:$V$94,DATA_AN!$B$173,DATA_AN!$B$168)),"0.0")&" điểm"))&" ") -> ① Đeo cho Kha'Zix · Đao Phủ 2 → 3 ✅ mở mốc 3 · +4.4 điểm ② Đeo cho Kha'Zix · Mặt Trăng 2 → 3 ✅ mở mốc 3 · +4.4 điểm
D34: =HYPERLINK("#'CHỌN ẤN → ĐỘI HÌNH'!B"&INDEX(DATA_AN!$AB$2:$AB$20,DATA_AN!$B$173),"🖼 Xem hình tướng + đồ của đội này ▶") -> 🖼 Xem hình tướng + đồ của đội này ▶
B36: 🥉 TOP 3 | D36: =INDEX(DATA_AN!$M$2:$M$20,DATA_AN!$B$174) -> Mặt Trăng Kayle (Mặt Trời) | L36: ="Điểm: "&TEXT(INDEX(DATA_AN!$AG$2:$AG$20,DATA_AN!$B$174),"0.0")&" (ấn +"&TEXT(INDEX(DATA_AN!$AH$2:$AH$20,DATA_AN!$B$174),"0.0")&")" -> Điểm: 9.9 (ấn +6.4)
D37: 📊 Số liệu | F37: =INDEX(DATA_AN!$Y$2:$Y$20,DATA_AN!$B$174)&" · "&INDEX(DATA_AN!$Z$2:$Z$20,DATA_AN!$B$174) -> VN 18.3b: hạng TB 2.67 · top 4 84,9% · 0,12% người chơi · ↗ 18.4: Mặt Trăng tăng, Mặt Trời dễ lên bậc 4 hơn (8 → 7) – MẠNH LÊN · mẫu số liệu nhỏ
D38: 👥 Đội hình đủ | F38: =INDEX(DATA_AN!$W$2:$W$20,DATA_AN!$B$174) -> Leona, Varus, Kayle, Sejuani, Shen, Diana, Aphelios, Alune
D39: ⚔ Chủ lực chính | F39: =INDEX(DATA_AN!$O$2:$O$20,DATA_AN!$B$174)&" · "&INDEX(DATA_AN!$P$2:$P$20,DATA_AN!$B$174)&" → "&INDEX(DATA_AN!$Q$2:$Q$20,DATA_AN!$B$174) -> Kayle · PHÉP → Cuồng Đao Guinsoo · Găng Bảo Thạch · Mũ Phù Thủy Rabadon
D40: 🏹 Chủ lực phụ | F40: =INDEX(DATA_AN!$R$2:$R$20,DATA_AN!$B$174)&" · "&INDEX(DATA_AN!$S$2:$S$20,DATA_AN!$B$174)&" → "&INDEX(DATA_AN!$T$2:$T$20,DATA_AN!$B$174) -> Aphelios · VẬT LÝ → Cuồng Đao Guinsoo · Vô Cực Kiếm · Kiếm Tử Thần
D41: 🛡 Đỡ đòn | F41: =INDEX(DATA_AN!$U$2:$U$20,DATA_AN!$B$174)&" → "&INDEX(DATA_AN!$V$2:$V$20,DATA_AN!$B$174) -> Sejuani → Thú Tượng Thạch Giáp · Giáp Tâm Linh · Giáp Máu Warmog
D42: 🏳 Đeo ấn | F42: =IF(DATA_AN!$B$166=0,"","① "&IF(DATA_AN!$B$166=0,"— (không có ấn)",CHOOSE(DATA_AN!$C$166,INDEX(DATA_AN!$B$98:$V$116,DATA_AN!$B$174,DATA_AN!$B$166),INDEX(DATA_AN!$B$120:$V$138,DATA_AN!$B$174,DATA_AN!$B$166),INDEX(DATA_AN!$B$142:$V$160,DATA_AN!$B$174,DATA_AN!$B$166))&" · +"&TEXT(CHOOSE(DATA_AN!$C$166,INDEX(DATA_AN!$B$32:$V$50,DATA_AN!$B$174,DATA_AN!$B$166),INDEX(DATA_AN!$B$54:$V$72,DATA_AN!$B$174,DATA_AN!$B$166),INDEX(DATA_AN!$B$76:$V$94,DATA_AN!$B$174,DATA_AN!$B$166)),"0.0")&" điểm")&" ")&IF(DATA_AN!$B$167=0,"","② "&IF(AND(DATA_AN!$B$167>0,('CHỌN ẤN → ĐỘI HÌNH'!$E$8='CHỌN ẤN → ĐỘI HÌNH'!$E$9)>0),"↑ Cùng loại với ấn phía trên – đã tính chung, xem người đeo ở dòng trên",IF(DATA_AN!$B$167=0,"— (không có ấn)",CHOOSE(DATA_AN!$C$167,INDEX(DATA_AN!$B$98:$V$116,DATA_AN!$B$174,DATA_AN!$B$167),INDEX(DATA_AN!$B$120:$V$138,DATA_AN!$B$174,DATA_AN!$B$167),INDEX(DATA_AN!$B$142:$V$160,DATA_AN!$B$174,DATA_AN!$B$167))&" · +"&TEXT(CHOOSE(DATA_AN!$C$167,INDEX(DATA_AN!$B$32:$V$50,DATA_AN!$B$174,DATA_AN!$B$167),INDEX(DATA_AN!$B$54:$V$72,DATA_AN!$B$174,DATA_AN!$B$167),INDEX(DATA_AN!$B$76:$V$94,DATA_AN!$B$174,DATA_AN!$B$167)),"0.0")&" điểm"))&" ")&IF(DATA_AN!$B$168=0,"","③ "&IF(AND(DATA_AN!$B$168>0,('CHỌN ẤN → ĐỘI HÌNH'!$E$8='CHỌN ẤN → ĐỘI HÌNH'!$E$10)+('CHỌN ẤN → ĐỘI HÌNH'!$E$9='CHỌN ẤN → ĐỘI HÌNH'!$E$10)>0),"↑ Cùng loại với ấn phía trên – đã tính chung, xem người đeo ở dòng trên",IF(DATA_AN!$B$168=0,"— (không có ấn)",CHOOSE(DATA_AN!$C$168,INDEX(DATA_AN!$B$98:$V$116,DATA_AN!$B$174,DATA_AN!$B$168),INDEX(DATA_AN!$B$120:$V$138,DATA_AN!$B$174,DATA_AN!$B$168),INDEX(DATA_AN!$B$142:$V$160,DATA_AN!$B$174,DATA_AN!$B$168))&" · +"&TEXT(CHOOSE(DATA_AN!$C$168,INDEX(DATA_AN!$B$32:$V$50,DATA_AN!$B$174,DATA_AN!$B$168),INDEX(DATA_AN!$B$54:$V$72,DATA_AN!$B$174,DATA_AN!$B$168),INDEX(DATA_AN!$B$76:$V$94,DATA_AN!$B$174,DATA_AN!$B$168)),"0.0")&" điểm"))&" ") -> ① Đeo cho Kayle · chưa có Đao Phủ – chỉ lấy chỉ số của ấn (cần 1 Đao Phủ nữa để mở mốc 2) · +0.9 điểm ② Đeo cho Kayle · Mặt Trăng 3 → 4 ✅ mở mốc 4 · +5.5 điểm
D43: =HYPERLINK("#'CHỌN ẤN → ĐỘI HÌNH'!B"&INDEX(DATA_AN!$AB$2:$AB$20,DATA_AN!$B$174),"🖼 Xem hình tướng + đồ của đội này ▶") -> 🖼 Xem hình tướng + đồ của đội này ▶
B45: Cách tính điểm: sức mạnh đội hình theo số liệu máy chủ VN (đã cân cỡ mẫu) + dự báo bản 18.4 + điểm từ Ấn (mở được mốc tộc/hệ = điểm lớn; chỉ cộng chỉ số = điểm nhỏ; ấn vô dụng ≈ 0) + loại đồ bạn đang cầm. Ấn gần như không giúp đội nào (điểm ấn ≈ 0–1) → cứ chơi đội mạnh nhất, coi ấn như món chỉ số.
B48: BẢNG XẾP HẠNG TẤT CẢ ĐỘI HÌNH VỚI ẤN ĐÃ CHỌN
B49: # | C49: Đội hình | H49: Tổng điểm | I49: Từ ấn | J49: Chủ lực chính | L49: Bản 18.4
B50: 1 | C50: =HYPERLINK("#'CHỌN ẤN → ĐỘI HÌNH'!B"&INDEX(DATA_AN!$AB$2:$AB$20,DATA_AN!$B$172),INDEX(DATA_AN!$M$2:$M$20,DATA_AN!$B$172)) -> Đao Phủ Azir (Thực Vật · Tinh Nghịch) | H50: =ROUND(INDEX(DATA_AN!$AG$2:$AG$20,DATA_AN!$B$172),1) -> 12.9 | I50: =ROUND(INDEX(DATA_AN!$AH$2:$AH$20,DATA_AN!$B$172),1) -> 7.4 | J50: =INDEX(DATA_AN!$O$2:$O$20,DATA_AN!$B$172)&" ("&INDEX(DATA_AN!$P$2:$P$20,DATA_AN!$B$172)&")" -> Soraka (PHÉP) | L50: =LEFT(INDEX(DATA_AN!$Z$2:$Z$20,DATA_AN!$B$172),60) -> ↘ 18.4: Đao Phủ chảy máu giảm (40% → 35%) – giảm NHẸ, vẫn là
B51: 2 | C51: =HYPERLINK("#'CHỌN ẤN → ĐỘI HÌNH'!B"&INDEX(DATA_AN!$AB$2:$AB$20,DATA_AN!$B$173),INDEX(DATA_AN!$M$2:$M$20,DATA_AN!$B$173)) -> Thần Rừng Kha'Zix | H51: =ROUND(INDEX(DATA_AN!$AG$2:$AG$20,DATA_AN!$B$173),1) -> 12.5 | I51: =ROUND(INDEX(DATA_AN!$AH$2:$AH$20,DATA_AN!$B$173),1) -> 8.8 | J51: =INDEX(DATA_AN!$O$2:$O$20,DATA_AN!$B$173)&" ("&INDEX(DATA_AN!$P$2:$P$20,DATA_AN!$B$173)&")" -> Kha'Zix (LAI (vật lý + phép)) | L51: =LEFT(INDEX(DATA_AN!$Z$2:$Z$20,DATA_AN!$B$173),60) -> → 18.4: Diana chậm hơn chút, Mặt Trăng (Aphelios) tăng – cân
B52: 3 | C52: =HYPERLINK("#'CHỌN ẤN → ĐỘI HÌNH'!B"&INDEX(DATA_AN!$AB$2:$AB$20,DATA_AN!$B$174),INDEX(DATA_AN!$M$2:$M$20,DATA_AN!$B$174)) -> Mặt Trăng Kayle (Mặt Trời) | H52: =ROUND(INDEX(DATA_AN!$AG$2:$AG$20,DATA_AN!$B$174),1) -> 9.9 | I52: =ROUND(INDEX(DATA_AN!$AH$2:$AH$20,DATA_AN!$B$174),1) -> 6.4 | J52: =INDEX(DATA_AN!$O$2:$O$20,DATA_AN!$B$174)&" ("&INDEX(DATA_AN!$P$2:$P$20,DATA_AN!$B$174)&")" -> Kayle (PHÉP) | L52: =LEFT(INDEX(DATA_AN!$Z$2:$Z$20,DATA_AN!$B$174),60) -> ↗ 18.4: Mặt Trăng tăng, Mặt Trời dễ lên bậc 4 hơn (8 → 7) –
B53: 4 | C53: =HYPERLINK("#'CHỌN ẤN → ĐỘI HÌNH'!B"&INDEX(DATA_AN!$AB$2:$AB$20,DATA_AN!$B$175),INDEX(DATA_AN!$M$2:$M$20,DATA_AN!$B$175)) -> Mặt Trăng Nidalee & Aphelios | H53: =ROUND(INDEX(DATA_AN!$AG$2:$AG$20,DATA_AN!$B$175),1) -> 9.9 | I53: =ROUND(INDEX(DATA_AN!$AH$2:$AH$20,DATA_AN!$B$175),1) -> 7.1 | J53: =INDEX(DATA_AN!$O$2:$O$20,DATA_AN!$B$175)&" ("&INDEX(DATA_AN!$P$2:$P$20,DATA_AN!$B$175)&")" -> Aphelios (VẬT LÝ) | L53: =LEFT(INDEX(DATA_AN!$Z$2:$Z$20,DATA_AN!$B$175),60) -> ↗ 18.4: Mặt Trăng tăng Tốc Độ Đánh mọi mốc – MẠNH LÊN (nhưng
B54: 5 | C54: =HYPERLINK("#'CHỌN ẤN → ĐỘI HÌNH'!B"&INDEX(DATA_AN!$AB$2:$AB$20,DATA_AN!$B$176),INDEX(DATA_AN!$M$2:$M$20,DATA_AN!$B$176)) -> Triệu Hồi Vi / Azir | H54: =ROUND(INDEX(DATA_AN!$AG$2:$AG$20,DATA_AN!$B$176),1) -> 9.4 | I54: =ROUND(INDEX(DATA_AN!$AH$2:$AH$20,DATA_AN!$B$176),1) -> 5.3 | J54: =INDEX(DATA_AN!$O$2:$O$20,DATA_AN!$B$176)&" ("&INDEX(DATA_AN!$P$2:$P$20,DATA_AN!$B$176)&")" -> Azir (PHÉP) | L54: =LEFT(INDEX(DATA_AN!$Z$2:$Z$20,DATA_AN!$B$176),60) -> → 18.4: không bị đụng tới → TƯƠNG ĐỐI MẠNH LÊN
B55: 6 | C55: =HYPERLINK("#'CHỌN ẤN → ĐỘI HÌNH'!B"&INDEX(DATA_AN!$AB$2:$AB$20,DATA_AN!$B$177),INDEX(DATA_AN!$M$2:$M$20,DATA_AN!$B$177)) -> Draven Dũng Sĩ Thần Rừng (lên 9) | H55: =ROUND(INDEX(DATA_AN!$AG$2:$AG$20,DATA_AN!$B$177),1) -> 8.9 | I55: =ROUND(INDEX(DATA_AN!$AH$2:$AH$20,DATA_AN!$B$177),1) -> 5.3 | J55: =INDEX(DATA_AN!$O$2:$O$20,DATA_AN!$B$177)&" ("&INDEX(DATA_AN!$P$2:$P$20,DATA_AN!$B$177)&")" -> Draven (VẬT LÝ) | L55: =LEFT(INDEX(DATA_AN!$Z$2:$Z$20,DATA_AN!$B$177),60) -> ↓ 18.4: Maokai chậm hơn, Dũng Sĩ 3 giảm – GIẢM
B56: 7 | C56: =HYPERLINK("#'CHỌN ẤN → ĐỘI HÌNH'!B"&INDEX(DATA_AN!$AB$2:$AB$20,DATA_AN!$B$178),INDEX(DATA_AN!$M$2:$M$20,DATA_AN!$B$178)) -> Gai Đen Warwick (săn 3 sao) | H56: =ROUND(INDEX(DATA_AN!$AG$2:$AG$20,DATA_AN!$B$178),1) -> 8.6 | I56: =ROUND(INDEX(DATA_AN!$AH$2:$AH$20,DATA_AN!$B$178),1) -> 6 | J56: =INDEX(DATA_AN!$O$2:$O$20,DATA_AN!$B$178)&" ("&INDEX(DATA_AN!$P$2:$P$20,DATA_AN!$B$178)&")" -> Warwick (VẬT LÝ) | L56: =LEFT(INDEX(DATA_AN!$Z$2:$Z$20,DATA_AN!$B$178),60) -> → 18.4: không đổi
B57: 8 | C57: =HYPERLINK("#'CHỌN ẤN → ĐỘI HÌNH'!B"&INDEX(DATA_AN!$AB$2:$AB$20,DATA_AN!$B$179),INDEX(DATA_AN!$M$2:$M$20,DATA_AN!$B$179)) -> Thuật Sư Veigar (săn 3 sao) | H57: =ROUND(INDEX(DATA_AN!$AG$2:$AG$20,DATA_AN!$B$179),1) -> 8.6 | I57: =ROUND(INDEX(DATA_AN!$AH$2:$AH$20,DATA_AN!$B$179),1) -> 3.9 | J57: =INDEX(DATA_AN!$O$2:$O$20,DATA_AN!$B$179)&" ("&INDEX(DATA_AN!$P$2:$P$20,DATA_AN!$B$179)&")" -> Veigar (PHÉP) | L57: =LEFT(INDEX(DATA_AN!$Z$2:$Z$20,DATA_AN!$B$179),60) -> → 18.4: không bị đụng tới, các đội khác bị giảm → TƯƠNG ĐỐI
B58: 9 | C58: =HYPERLINK("#'CHỌN ẤN → ĐỘI HÌNH'!B"&INDEX(DATA_AN!$AB$2:$AB$20,DATA_AN!$B$180),INDEX(DATA_AN!$M$2:$M$20,DATA_AN!$B$180)) -> Tiên Phong Alune | H58: =ROUND(INDEX(DATA_AN!$AG$2:$AG$20,DATA_AN!$B$180),1) -> 8.5 | I58: =ROUND(INDEX(DATA_AN!$AH$2:$AH$20,DATA_AN!$B$180),1) -> 5.3 | J58: =INDEX(DATA_AN!$O$2:$O$20,DATA_AN!$B$180)&" ("&INDEX(DATA_AN!$P$2:$P$20,DATA_AN!$B$180)&")" -> Alune (PHÉP) | L58: =LEFT(INDEX(DATA_AN!$Z$2:$Z$20,DATA_AN!$B$180),60) -> ↗ 18.4: Mặt Trăng + Tiên Hắc Ám + Thuật Sĩ (ấn cho Alune) tă
B59: 10 | C59: =HYPERLINK("#'CHỌN ẤN → ĐỘI HÌNH'!B"&INDEX(DATA_AN!$AB$2:$AB$20,DATA_AN!$B$181),INDEX(DATA_AN!$M$2:$M$20,DATA_AN!$B$181)) -> Thần Rừng Ezreal | H59: =ROUND(INDEX(DATA_AN!$AG$2:$AG$20,DATA_AN!$B$181),1) -> 8 | I59: =ROUND(INDEX(DATA_AN!$AH$2:$AH$20,DATA_AN!$B$181),1) -> 5.3 | J59: =INDEX(DATA_AN!$O$2:$O$20,DATA_AN!$B$181)&" ("&INDEX(DATA_AN!$P$2:$P$20,DATA_AN!$B$181)&")" -> Ezreal (VẬT LÝ) | L59: =LEFT(INDEX(DATA_AN!$Z$2:$Z$20,DATA_AN!$B$181),60) -> → 18.4: không đổi
B60: 11 | C60: =HYPERLINK("#'CHỌN ẤN → ĐỘI HÌNH'!B"&INDEX(DATA_AN!$AB$2:$AB$20,DATA_AN!$B$182),INDEX(DATA_AN!$M$2:$M$20,DATA_AN!$B$182)) -> Quái Rừng Draven & Rồng (Maokai) | H60: =ROUND(INDEX(DATA_AN!$AG$2:$AG$20,DATA_AN!$B$182),1) -> 7.9 | I60: =ROUND(INDEX(DATA_AN!$AH$2:$AH$20,DATA_AN!$B$182),1) -> 3.9 | J60: =INDEX(DATA_AN!$O$2:$O$20,DATA_AN!$B$182)&" ("&INDEX(DATA_AN!$P$2:$P$20,DATA_AN!$B$182)&")" -> Draven (VẬT LÝ) | L60: =LEFT(INDEX(DATA_AN!$Z$2:$Z$20,DATA_AN!$B$182),60) -> ↓ 18.4: Maokai + Hỏa Ngục giảm (Quái Rừng 3 tăng nhẹ) – GIẢM
B61: 12 | C61: =HYPERLINK("#'CHỌN ẤN → ĐỘI HÌNH'!B"&INDEX(DATA_AN!$AB$2:$AB$20,DATA_AN!$B$183),INDEX(DATA_AN!$M$2:$M$20,DATA_AN!$B$183)) -> Dũng Sĩ Ashe (Thần Rừng · lên 9) | H61: =ROUND(INDEX(DATA_AN!$AG$2:$AG$20,DATA_AN!$B$183),1) -> 7.4 | I61: =ROUND(INDEX(DATA_AN!$AH$2:$AH$20,DATA_AN!$B$183),1) -> 3.9 | J61: =INDEX(DATA_AN!$O$2:$O$20,DATA_AN!$B$183)&" ("&INDEX(DATA_AN!$P$2:$P$20,DATA_AN!$B$183)&")" -> Ashe (VẬT LÝ) | L61: =LEFT(INDEX(DATA_AN!$Z$2:$Z$20,DATA_AN!$B$183),60) -> ↓ 18.4: Ashe mất 20 Năng Lượng khởi đầu, Maokai +10 Năng Lượ
B62: 13 | C62: =HYPERLINK("#'CHỌN ẤN → ĐỘI HÌNH'!B"&INDEX(DATA_AN!$AB$2:$AB$20,DATA_AN!$B$184),INDEX(DATA_AN!$M$2:$M$20,DATA_AN!$B$184)) -> Vệ Quân Cassiopeia | H62: =ROUND(INDEX(DATA_AN!$AG$2:$AG$20,DATA_AN!$B$184),1) -> 6.7 | I62: =ROUND(INDEX(DATA_AN!$AH$2:$AH$20,DATA_AN!$B$184),1) -> 3.9 | J62: =INDEX(DATA_AN!$O$2:$O$20,DATA_AN!$B$184)&" ("&INDEX(DATA_AN!$P$2:$P$20,DATA_AN!$B$184)&")" -> Cassiopeia (PHÉP) | L62: =LEFT(INDEX(DATA_AN!$Z$2:$Z$20,DATA_AN!$B$184),60) -> ↘ 18.4: Vệ Quân 6 giảm nhẹ (120 → 115) – gần như không đổi
B63: 14 | C63: =HYPERLINK("#'CHỌN ẤN → ĐỘI HÌNH'!B"&INDEX(DATA_AN!$AB$2:$AB$20,DATA_AN!$B$185),INDEX(DATA_AN!$M$2:$M$20,DATA_AN!$B$185)) -> Thợ Săn Sivir & Ashe | H63: =ROUND(INDEX(DATA_AN!$AG$2:$AG$20,DATA_AN!$B$185),1) -> 5.9 | I63: =ROUND(INDEX(DATA_AN!$AH$2:$AH$20,DATA_AN!$B$185),1) -> 3.9 | J63: =INDEX(DATA_AN!$O$2:$O$20,DATA_AN!$B$185)&" ("&INDEX(DATA_AN!$P$2:$P$20,DATA_AN!$B$185)&")" -> Sivir (VẬT LÝ) | L63: =LEFT(INDEX(DATA_AN!$Z$2:$Z$20,DATA_AN!$B$185),60) -> ↓ 18.4: Thợ Săn 4 giảm (65% → 60%) + Ashe giảm – GIẢM
B64: 15 | C64: =HYPERLINK("#'CHỌN ẤN → ĐỘI HÌNH'!B"&INDEX(DATA_AN!$AB$2:$AB$20,DATA_AN!$B$186),INDEX(DATA_AN!$M$2:$M$20,DATA_AN!$B$186)) -> Quái Rừng thuần (Rồng Ngàn Tuổi) | H64: =ROUND(INDEX(DATA_AN!$AG$2:$AG$20,DATA_AN!$B$186),1) -> 4.8 | I64: =ROUND(INDEX(DATA_AN!$AH$2:$AH$20,DATA_AN!$B$186),1) -> 1.8 | J64: =INDEX(DATA_AN!$O$2:$O$20,DATA_AN!$B$186)&" ("&INDEX(DATA_AN!$P$2:$P$20,DATA_AN!$B$186)&")" -> Rồng Ngàn Tuổi (VẬT LÝ) | L64: =LEFT(INDEX(DATA_AN!$Z$2:$Z$20,DATA_AN!$B$186),60) -> ↗ 18.4: Quái Rừng 3 + lõi Quái Rừng Omega tăng – MẠNH LÊN ·
B65: 16 | C65: =HYPERLINK("#'CHỌN ẤN → ĐỘI HÌNH'!B"&INDEX(DATA_AN!$AB$2:$AB$20,DATA_AN!$B$187),INDEX(DATA_AN!$M$2:$M$20,DATA_AN!$B$187)) -> Tiên Hắc Ám Cassiopeia / Elise | H65: =ROUND(INDEX(DATA_AN!$AG$2:$AG$20,DATA_AN!$B$187),1) -> 4.8 | I65: =ROUND(INDEX(DATA_AN!$AH$2:$AH$20,DATA_AN!$B$187),1) -> 3.9 | J65: =INDEX(DATA_AN!$O$2:$O$20,DATA_AN!$B$187)&" ("&INDEX(DATA_AN!$P$2:$P$20,DATA_AN!$B$187)&")" -> Cassiopeia (PHÉP) | L65: =LEFT(INDEX(DATA_AN!$Z$2:$Z$20,DATA_AN!$B$187),60) -> ↗ 18.4: Tiên Hắc Ám nhận nhiều Tinh Chất hơn – có tăng nhưng
B66: 17 | C66: =HYPERLINK("#'CHỌN ẤN → ĐỘI HÌNH'!B"&INDEX(DATA_AN!$AB$2:$AB$20,DATA_AN!$B$188),INDEX(DATA_AN!$M$2:$M$20,DATA_AN!$B$188)) -> Hoa Linh Ahri & Ashe (lên 9) | H66: =ROUND(INDEX(DATA_AN!$AG$2:$AG$20,DATA_AN!$B$188),1) -> 4.4 | I66: =ROUND(INDEX(DATA_AN!$AH$2:$AH$20,DATA_AN!$B$188),1) -> 1.8 | J66: =INDEX(DATA_AN!$O$2:$O$20,DATA_AN!$B$188)&" ("&INDEX(DATA_AN!$P$2:$P$20,DATA_AN!$B$188)&")" -> Ahri (PHÉP) | L66: =LEFT(INDEX(DATA_AN!$Z$2:$Z$20,DATA_AN!$B$188),60) -> ↗ 18.4: Hoa Linh 3/4 tăng (45% → 50%/55%), Ashe giảm – nhỉnh
B67: 18 | C67: =HYPERLINK("#'CHỌN ẤN → ĐỘI HÌNH'!B"&INDEX(DATA_AN!$AB$2:$AB$20,DATA_AN!$B$189),INDEX(DATA_AN!$M$2:$M$20,DATA_AN!$B$189)) -> Thích Ứng Rengar & Master Yi | H67: =ROUND(INDEX(DATA_AN!$AG$2:$AG$20,DATA_AN!$B$189),1) -> 4.1 | I67: =ROUND(INDEX(DATA_AN!$AH$2:$AH$20,DATA_AN!$B$189),1) -> 1.8 | J67: =INDEX(DATA_AN!$O$2:$O$20,DATA_AN!$B$189)&" ("&INDEX(DATA_AN!$P$2:$P$20,DATA_AN!$B$189)&")" -> Rengar (VẬT LÝ) | L67: =LEFT(INDEX(DATA_AN!$Z$2:$Z$20,DATA_AN!$B$189),60) -> ↘ 18.4: Master Yi giảm SMCK (62 → 60) – giảm nhẹ
B68: 19 | C68: =HYPERLINK("#'CHỌN ẤN → ĐỘI HÌNH'!B"&INDEX(DATA_AN!$AB$2:$AB$20,DATA_AN!$B$190),INDEX(DATA_AN!$M$2:$M$20,DATA_AN!$B$190)) -> Thuật Sĩ Ahri & Morgana | H68: =ROUND(INDEX(DATA_AN!$AG$2:$AG$20,DATA_AN!$B$190),1) -> 3.7 | I68: =ROUND(INDEX(DATA_AN!$AH$2:$AH$20,DATA_AN!$B$190),1) -> 1.8 | J68: =INDEX(DATA_AN!$O$2:$O$20,DATA_AN!$B$190)&" ("&INDEX(DATA_AN!$P$2:$P$20,DATA_AN!$B$190)&")" -> Ahri (PHÉP) | L68: =LEFT(INDEX(DATA_AN!$Z$2:$Z$20,DATA_AN!$B$190),60) -> ↑ 18.4: Thuật Sĩ hồi Năng Lượng tăng MỌI mốc (2/3/5 → 3/4/6)
B70: BẢNG TRA ẤN – CÔNG THỨC · HIỆU ỨNG · AI ĐEO TỐT NHẤT · HỢP ĐỘI NÀO
C71: Ấn | E71: Công thức / Nguồn | G71: Hiệu ứng riêng của ấn | K71: Tướng đeo tốt nhất (hạng TB) | M71: Hạng TB | N71: Hợp nhất với
C72: Ấn Đao Phủ | E72: Chảo Vàng + Găng Đấu Tập | G72: +20% Tỉ Lệ Chí Mạng, +8% Sát Thương Chí Mạng; kết liễu kẻ dưới 8% Máu | K72: Zyra 3.77 · Draven 3.94 · Ahri 4.09 | M72: 4.05 | N72: Đao Phủ Azir (Thực Vật · Tinh Nghịch)
C73: Ấn Liên Kích | E73: Chảo Vàng + Cung Gỗ | G73: +20% Tốc Độ Đánh; đòn đánh gây thêm 1% Máu tối đa mục tiêu (sát thương chuẩn) | K73: Draven 3.63 · LeBlanc 3.92 · Akali 4.58 | M73: 4.04 | N73: Mặt Trăng Kayle (Mặt Trời)
C74: Ấn Thần Rừng | E74: Xẻng Vàng + Giáp Lưới | G74: +25% Tốc Độ Đánh, +35 Giáp & Kháng Phép | K74: Lillia 3.80 · Fiddlesticks 4.01 · Rakan 4.05 | M74: 4.06 | N74: Đao Phủ Azir (Thực Vật · Tinh Nghịch)
C75: Ấn Dũng Sĩ | E75: Không ghép được (lõi / rương / vòng đi chợ) | G75: +15 Năng Lượng mỗi khi 1 Dũng Sĩ chết | K75: Kennen 3.34 · Taric 3.55 · Lillia 3.85 | M75: 4.09 | N75: Mặt Trăng Kayle (Mặt Trời)
C76: Ấn Tiên Phong | E76: Chảo Vàng + Giáp Lưới | G76: +25 Giáp & Kháng Phép; trụ đủ 22 giây trong trận → +1 Máu người chơi | K76: Maokai 3.59 · Amumu 3.84 · Sett 4.02 | M76: 4.14 | N76: Draven Dũng Sĩ Thần Rừng (lên 9)
C77: Ấn Đấu Sĩ | E77: Chảo Vàng + Đai Khổng Lồ | G77: Đòn đánh gây thêm 2% Máu tối đa của người đeo (sát thương phép) | K77: Maokai 3.47 · Người Đá 3.86 · Master Yi 4.22 | M77: 4.16 | N77: Đao Phủ Azir (Thực Vật · Tinh Nghịch)
C78: Ấn Thực Vật | E78: Không ghép được (lõi / rương / vòng đi chợ) | G78: +250 Máu, +2 Năng Lượng mỗi giây | K78: Zyra 4.21 · Veigar 4.33 · Cassiopeia 4.49 | M78: 4.22 | N78: Thuật Sư Veigar (săn 3 sao)
C79: Ấn Hỏa Ngục | E79: Xẻng Vàng + Cung Gỗ | G79: +40% Tốc Độ Đánh | K79: Ashe 3.62 · Draven 3.85 · Kayle 4.43 | M79: 4.23 | N79: Quái Rừng Draven & Rồng (Maokai)
C80: Ấn Tiên Linh | E80: Xẻng Vàng + Kiếm BF | G80: +200 Máu, +10% SMCK, +10% SMPT | K80: Ashe 3.55 · Aphelios 3.88 · Sivir 4.09 | M80: 4.24 | N80: Dũng Sĩ Ashe (Thần Rừng · lên 9)
C81: Ấn Mặt Trăng | E81: Xẻng Vàng + Nước Mắt Nữ Thần | G81: +20% Tốc Độ Đánh, +3 Năng Lượng mỗi giây | K81: Kog'Maw 3.99 · Kayle 4.29 · Morgana 4.36 | M81: 4.26 | N81: Mặt Trăng Nidalee & Aphelios
C82: Ấn Vệ Quân | E82: Không ghép được (lõi / rương / vòng đi chợ) | G82: +30 Giáp & Kháng Phép; +6% Tốc Độ Đánh cho mỗi đồng minh ở hàng đầu | K82: Rengar 3.91 · Alistar 4.04 · Amumu 4.05 | M82: 4.27 | N82: Đao Phủ Azir (Thực Vật · Tinh Nghịch)
C83: Ấn Thuật Sư | E83: Chảo Vàng + Gậy Quá Khổ | G83: +25% SMPT; +2 Năng Lượng mỗi khi đồng minh tung chiêu | K83: Lux 3.40 · Soraka 3.86 · Morgana 4.21 | M83: 4.3 | N83: Thần Rừng Kha'Zix
... C92: Vương Miện Chiến Thuật | E92: Xẻng Vàng + Xẻng Vàng | G92: +1 giới hạn đội hình (ra sân thêm 1 tướng) – món mạnh nhất nếu có 2 Xẻng | K92: Mọi đội hình | M92: 3.72 | N92: Đao Phủ Azir (Thực Vật · Tinh Nghịch)
B93: Xẻng Vàng ghép ra Ấn TỘC (Tiên Linh, Hỏa Ngục, Hoa Linh, Mặt Trăng, Thần Rừng, Tinh Nghịch, Gai Đen, Nguyên Sinh); Chảo Vàng ghép ra Ấn HỆ (Thợ Săn, Liên Kích, Thuật Sư, Thuật Sĩ, Tiên Phong, Tàn Phá, Đấu Sĩ, Đao Phủ). Xẻng + Xẻng = Vương Miện Chiến Thuật (+1 ô đội hình). Ấn Tiên Hắc Ám, Vệ Quân, Dũng Sĩ, Thực Vật không ghép được. Hạng TB = hạng trung bình của bàn có ấn đó (OP.GG/SeeMeta, bản 18.3) – càng thấp càng tốt.
B96: THƯ VIỆN ĐỘI HÌNH – HÌNH TƯỚNG, ĐỒ CHỦ LỰC / ĐỠ ĐÒN, ẤN HỢP NHẤT
B98: 1. Đao Phủ Azir (Thực Vật · Tinh Nghịch) | K98: VN: 2.69 · top 4 84,8% · 1,15%
B99: 👥
C100: Veigar | D100: Teemo | E100: Azir | F100: Fiddlesticks | G100: Rammus | H100: Soraka | I100: Zyra | J100: Kennen
C101: ⚔ CHÍNH: Soraka PHÉP | F101: Găng Bảo Thạch | I101: Nanh Nashor | L101: Mũ Phù Thủy Rabadon
C102: 🏹 PHỤ: Zyra PHÉP | F102: Găng Bảo Thạch | I102: Trượng Hư Vô | L102: Ngọn Giáo Shojin
C103: 🛡 ĐỠ ĐÒN: Rammus | F103: Thú Tượng Thạch Giáp | I103: Vương Miện Hoàng Gia | L103: Áo Choàng Gai
B104: 🏳 Ấn hợp nhất | E104: Ấn Đao Phủ → Zyra · Đao Phủ 3 → 4 ✅ mở mốc 4 | Vương Miện Chiến Thuật → +1 ô đội hình → ra sân thêm Malphite | Ấn Thuật Sĩ → Soraka · Thuật Sĩ 1 → 2 ✅ mở mốc 2
B105: 📈 Lên cấp · 18.4 | E105: Cấp 7 ở 3-5 → lên 8 ở 4-2 đổi tướng tìm Soraka + Zyra 2 sao → 9 thêm Malphite · ↘ 18.4: Đao Phủ chảy máu giảm (40% → 35%) – giảm NHẸ, vẫn là đội tốt nhất VN
B106: ▲ Về kết quả
B108: 2. Dũng Sĩ Ashe (Thần Rừng · lên 9) | K108: VN: 2.77 · top 4 79,3% · 0,54%
B109: 👥
C110: Rakan | D110: Vi | E110: Amumu | F110: Sivir | G110: Ashe | H110: Ivern | I110: Kennen | J110: Maokai | K110: Taric
C111: ⚔ CHÍNH: Ashe VẬT LÝ | F111: Ngọn Giáo Shojin | I111: Bùa Đỏ | L111: Cung Xanh
C112: 🏹 PHỤ: Sivir VẬT LÝ | F112: Vô Cực Kiếm | I112: Kiếm Tử Thần | L112: Bùa Xanh
C113: 🛡 ĐỠ ĐÒN: Maokai | F113: Thú Tượng Thạch Giáp | I113: Giáp Máu Warmog | L113: Giáp Tâm Linh
B114: 🏳 Ấn hợp nhất | E114: Ấn Hỏa Ngục → Ashe · Hỏa Ngục 2 → 3 ✅ mở mốc 3 | Ấn Thợ Săn → Ivern · Thợ Săn 2 → 3 ✅ mở mốc 3 | Vương Miện Chiến Thuật → +1 ô đội hình → ra sân thêm Gnar
B115: 📈 Lên cấp · 18.4 | E115: Tham vàng: 8 ở 4-2 (đổi tướng ít) → 9 ở 5-1 → đổi tướng tìm Ashe/Maokai · ↓ 18.4: Ashe mất 20 Năng Lượng khởi đầu, Maokai +10 Năng Lượng, Dũng Sĩ 3 giảm – GIẢM RÕ
B116: ▲ Về kết quả
B118: 3. Thuật Sư Veigar (săn 3 sao) | K118: VN: 3.09 · top 4 77,9% · 0,65%
B119: 👥
C120: Ornn | D120: Rek'Sai | E120: Veigar | F120: Alistar | G120: LeBlanc | H120: Cassiopeia | I120: Fiddlesticks | J120: Ahri | K120: Alune
C121: ⚔ CHÍNH: Veigar PHÉP | F121: Găng Bảo Thạch | I121: Bùa Xanh | L121: Nanh Nashor
C122: 🏹 PHỤ: Ahri PHÉP | F122: Găng Bảo Thạch | I122: Ngọn Giáo Shojin | L122: Chùy Đoản Côn
...

Sheet LÕI → CÁCH ĐÁNH
B2: 🌿 LÕI → CÁCH ĐÁNH TỐI ƯU | L2: v1.8 · 06/10/2026
B3: Chọn lõi vừa nhận cho bạn cái gì (Vàng, Đồ, Ấn…) + bậc + vòng + máu → kế hoạch lên cấp, đổi tướng, đội hình hợp nhất | L3: Bản 18.3b · 18.4 ra 07/10
B4: ◄ Về Trang Chủ
B6: BƯỚC 1 – LÕI VỪA NHẬN
B7: Bấm các ô vàng ▼. Không chắc lõi thuộc loại nào? Xem cột 'Ví dụ lõi' ở bảng tóm tắt phía dưới.
B8: ✨ Lõi cho bạn cái gì? | F8: 💰 Vàng / Kinh tế
B9: 💎 Bậc lõi (màu khung) | F9: Vàng
B10: ⏱ Nhận ở vòng | F10: 2-1
B11: ❤ Máu hiện tại | F11: Trên 70 máu
B13: KẾ HOẠCH CHƠI CHO BẠN (tự đổi theo lựa chọn)
B14: 🎁 Bạn nhận được | E14: =INDEX(DATA_AN!$B$300:$B$308,MATCH($F$8,DATA_AN!$A$300:$A$308,0)) -> Vàng ngay hoặc vàng theo thời gian / lãi lớn hơn.
B15: 📋 Lõi loại này (xếp hạng) | E15: =INDEX(DATA_AN!$C$300:$C$308,MATCH($F$8,DATA_AN!$A$300:$A$308,0)) -> Kỷ Nguyên / Kỷ Nguyên+ (S) · Vượt Thời Gian / Định Hướng Tương Lai (S) · Kỳ Vọng Bất Ngờ (S) · Tăng Vốn I / II (A) · 🆕 18.4: lõi mới 'thua trận nhận 2 vàng + 1 lượt đổi miễn phí' (tên Việt chưa có)
B16: 💎 Theo bậc lõi | E16: =INDEX(DATA_AN!$J$300:$L$308,MATCH($F$8,DATA_AN!$A$300:$A$308,0),MATCH($F$9,DATA_AN!$A$320:$A$322,0)) -> Đủ để lên 8 ở 4-1 mà vẫn giữ trên 30 vàng – hướng 'lên 8 nhanh' chuẩn.
B17: ⏱ Theo vòng nhận | E17: =INDEX(DATA_AN!$M$300:$O$308,MATCH($F$8,DATA_AN!$A$300:$A$308,0),MATCH($F$10,DATA_AN!$A$324:$A$326,0)) -> Nhận sớm là mạnh nhất: giữ máu bằng tướng 2 sao rẻ, tích lãi tối đa tới Giai đoạn 4.
B18: ❤ Theo máu | E18: =VLOOKUP($F$11,DATA_AN!$A$328:$B$330,2,FALSE()) -> Có thể THAM: giữ lãi, chấp nhận thua chuỗi để đi đúng kế hoạch của lõi.
B19: 📈 Nhịp lên cấp | E19: =INDEX(DATA_AN!$D$300:$D$308,MATCH($F$8,DATA_AN!$A$300:$A$308,0)) -> Lên 8 sớm (3-5 hoặc 4-1) → lên 9 ở 5-1 nếu máu trên 50.
B20: 🎲 Đổi tướng | E20: =INDEX(DATA_AN!$E$300:$E$308,MATCH($F$8,DATA_AN!$A$300:$A$308,0)) -> KHÔNG đổi tướng trước 4-1. Giữ lãi 50 vàng mỗi vòng; dồn vàng 1 lần lớn ở cấp 8.
B21: 🔥 Chuỗi thắng / thua | E21: =INDEX(DATA_AN!$F$300:$F$308,MATCH($F$8,DATA_AN!$A$300:$A$308,0)) -> Chuỗi nào cũng được – đừng phá lãi chỉ để giữ chuỗi.
B22: 🏆 Đội hình hợp nhất | E22: =INDEX(DATA_AN!$G$300:$G$308,MATCH($F$8,DATA_AN!$A$300:$A$308,0)) -> Draven Dũng Sĩ Thần Rừng (lên 9) · Hoa Linh Ahri & Ashe (lên 9) · Quái Rừng thuần (Rồng Ngàn Tuổi)
B23: ✨ Lõi tiếp theo nên tìm | E23: =INDEX(DATA_AN!$H$300:$H$308,MATCH($F$8,DATA_AN!$A$300:$A$308,0)) -> 3-2: lõi Trang bị hoặc Ấn khớp chủ lực · 4-2: lõi Giao tranh.
B24: ⛔ Sai lầm cần tránh | E24: =INDEX(DATA_AN!$I$300:$I$308,MATCH($F$8,DATA_AN!$A$300:$A$308,0)) -> Đổi tướng ở Giai đoạn 3 (mất hết lợi thế vàng) · mua Tinh Linh làm tụt mốc lãi 10/20/30/40/50.
B25: 🖼 Xem hình đội hình | E25: =HYPERLINK("#'CHỌN ẤN → ĐỘI HÌNH'!B"&INDEX(DATA_AN!$P$300:$P$308,MATCH($F$8,DATA_AN!$A$300:$A$308,0)),"▶ "&INDEX(DATA_AN!$S$300:$S$308,MATCH($F$8,DATA_AN!$A$300:$A$308,0))) -> ▶ Draven Dũng Sĩ Thần Rừng (lên 9) | H25: =HYPERLINK("#'CHỌN ẤN → ĐỘI HÌNH'!B"&INDEX(DATA_AN!$Q$300:$Q$308,MATCH($F$8,DATA_AN!$A$300:$A$308,0)),"▶ "&INDEX(DATA_AN!$T$300:$T$308,MATCH($F$8,DATA_AN!$A$300:$A$308,0))) -> ▶ Hoa Linh Ahri & Ashe (lên 9) | K25: =HYPERLINK("#'CHỌN ẤN → ĐỘI HÌNH'!B"&INDEX(DATA_AN!$R$300:$R$308,MATCH($F$8,DATA_AN!$A$300:$A$308,0)),"▶ "&INDEX(DATA_AN!$U$300:$U$308,MATCH($F$8,DATA_AN!$A$300:$A$308,0))) -> ▶ Quái Rừng thuần (Rồng Ngàn Tuổi)
B26: ="👉 Lõi cho Ấn? Sang trang CHỌN ẤN → ĐỘI HÌNH để nhập ấn và xem chính xác ai đeo, mở mốc gì." -> 👉 Lõi cho Ấn? Sang trang CHỌN ẤN → ĐỘI HÌNH để nhập ấn và xem chính xác ai đeo, mở mốc gì.
B28: XẾP HẠNG LÕI TỘC HỆ (lõi gắn với 1 tộc/hệ) – bản 18.3b + thay đổi 18.4
B29: # | C29: Lõi | E29: Tộc/Hệ | F29: Sức mạnh | G29: Cho bạn | I29: Đội hình hợp | K29: Cách đánh | M29: Bản 18.4
C30: 1. Tinh Linh Hoàn Tiền / Tinh Linh Hoàn Tiền+ | E30: Hoa Linh | F30: S | G30: Hoàn vàng khi mua Tinh Linh | I30: Hoa Linh Ahri & Ashe | K30: Mua MỌI Tinh Linh, lên 9 nhanh | M30: ↗ Hoa Linh 3/4 tăng
C31: 2. Tiếng Gọi Hoa Linh | E31: Hoa Linh | F31: S | G31: Cường hoá tộc Hoa Linh / Tinh Linh | I31: Hoa Linh Ahri & Ashe | K31: Ra sân 5 Hoa Linh, lên 9 | M31: ↗ Hoa Linh tăng
C32: 3. Thực Vật Hấp Thụ | E32: Thực Vật | F32: S (1 người/phòng) | G32: Cường hoá tộc Thực Vật | I32: Đao Phủ Azir / Thuật Sư Veigar | K32: Đi Đao Phủ Azir – đội tốt nhất VN | M32: ↘ Đao Phủ giảm nhẹ
C33: 4. Quái Thú Bên Trong (Nidalee / Sivir) | E33: Nguyên Sinh | F33: S | G33: Biến Nidalee hoặc Sivir thành chủ lực siêu mạnh | I33: Mặt Trăng Nidalee / Thợ Săn Sivir | K33: Ép tướng được chọn lên 2 sao, dồn đồ | M33: ↗ Nidalee (Mặt Trăng tăng) · ↘ Sivir (Thợ Săn giảm)
C34: 5. Phân Nhánh / Phân Nhánh+ | E34: Mọi tộc | F34: S | G34: 1 Ấn ngẫu nhiên (+ công cụ đổi) | I34: Theo Ấn → trang CHỌN ẤN | K34: Nhập Ấn vào trang CHỌN ẤN | M34: →
C35: 6. Cắm Rễ Phân Tán | E35: Thần Rừng / Ấn | F35: S | G35: Thêm Ấn / tộc | I35: Thần Rừng Kha'Zix / Ezreal | K35: Đẩy Thần Rừng lên mốc cao | M35: →
C36: 7. Quái Rừng Omega | E36: Quái Rừng | F36: A → S | G36: Cường hoá Quái Rừng Đầu Đàn | I36: Quái Rừng thuần (Rồng Ngàn Tuổi) | K36: Ra sân 6–7 Quái Rừng, lên 9 | M36: ↑ 18.4: +15% Máu, +12% Tốc Độ Đánh
C37: 8. Tín Đồ Tiên Hắc Ám | E37: Tiên Hắc Ám | F37: A (1 người/phòng) | G37: Đổi Tinh Chất lấy quà lớn | I37: Tiên Phong Alune / Tiên Hắc Ám | K37: Thua đầu game tích Tinh Chất | M37: ↗ 18.4: nhận Tinh Chất nhiều hơn
C38: 9. Tà Thuật | E38: Tiên Hắc Ám | F38: ⚠ kiểm tra | G38: Tinh Chất → SMPT | I38: Tiên Hắc Ám Cassiopeia | K38: Bị TẮT ở 18.3b – xem trong game đã bật lại chưa | M38: ?
C39: 10. Tôi Thăng Cấp Một Mình | E39: Khắc Tinh | F39: S (có điều kiện) | G39: Rengar gánh một mình | I39: Thích Ứng Rengar | K39: Săn Rengar 3 sao | M39: ↘ Yi giảm nhẹ
C40: 11. Không Đối Thủ | E40: Khắc Tinh | F40: Mở khoá | G40: Ra sân cả Kha'Zix + Rengar | I40: Thần Rừng Kha'Zix | K40: Thêm Rengar làm chủ lực phụ | M40: →
C41: 12. Sơ Đồ Tuyến Sau | E41: Tướng + Ấn | F41: A | G41: Tướng 3 vàng hàng sau + Ấn của nó | I41: Linh hoạt | K41: Xây đội quanh tướng nhận được | M41: →
B43: BẢNG TÓM TẮT – 9 LOẠI LÕI VÀ CÁCH ĐÁNH
B44: Loại lõi | D44: Ví dụ lõi (xếp hạng) | H44: Nhịp lên cấp | K44: Đội hình hợp nhất
B45: 💰 Vàng / Kinh tế | D45: Kỷ Nguyên / Kỷ Nguyên+ (S) · Vượt Thời Gian / Định Hướng Tương Lai (S) · Kỳ Vọng Bất Ngờ (S) · Tăng Vốn I / II (A) · 🆕 18.4: lõi mới 'thua trận nhận 2 vàng + 1 lượt đổi miễn phí' (tên Việt chưa có) | H45: Lên 8 sớm (3-5 hoặc 4-1) → lên 9 ở 5-1 nếu máu trên 50. | K45: Draven Dũng Sĩ Thần Rừng (lên 9) · Hoa Linh Ahri & Ashe (lên 9) · Quái Rừng thuần (Rồng Ngàn Tuổi)
B46: 📈 Kinh nghiệm / Lên cấp | D46: Sinh Nhật Đoàn Tụ (S) · Thăng Tiến Cuối Trận (S có điều kiện) · Thăng Cấp. / Quà Sinh Nhật (A) | H46: Sớm hơn bình thường 1 vòng: cấp 7 ở 3-2, cấp 8 ở 4-1, cấp 9 ở 4-5 / 5-1. | K46: Draven Dũng Sĩ Thần Rừng (lên 9) · Quái Rừng Draven & Rồng (Maokai) · Dũng Sĩ Ashe (Thần Rừng · lên 9)
B47: 🎲 Lượt đổi tướng | D47: Xúc Xắc Hoành Tráng / Xúc Xắc Vô Tận (A) · Tinh Linh 'Số 7 May Mắn' (7 lượt đổi) | H47: Giữ cấp hợp đội: cấp 6–7 cho đội săn 3 sao, cấp 8 cho đội tướng 4 vàng. | K47: Thuật Sư Veigar (săn 3 sao) · Triệu Hồi Vi / Azir · Gai Đen Warwick (săn 3 sao)
B48: 🧩 Mảnh trang bị | D48: Kho Báu Chôn Giấu (S) · Túi Đồ Siêu Hùng (S) · Túi Đồ Cỡ Đại (A) · Đam Mê Đai Lưng (A) | H48: Chuẩn: 4 → 5 → 6 → 7 (3-5) → 8 (4-2). | K48: Đao Phủ Azir (Thực Vật · Tinh Nghịch) · Mặt Trăng Nidalee & Aphelios · Tiên Phong Alune
B49: ⚔ Đồ hoàn chỉnh / Đồ Ánh Sáng | D49: Thợ Rèn Kiếm / Đam Mê Kiếm (S+ có điều kiện) · Đam Mê Gậy / Thợ Rèn Gậy / Trượng Đại Thiên Sứ (A) · Băng Trộm (S – Găng Đạo Tặc) | H49: Chuẩn lên 8 ở 4-2; đồ mạnh → có thể chơi chuỗi thắng lên 8 ở 4-1. | K49: Mặt Trăng Nidalee & Aphelios · Đao Phủ Azir (Thực Vật · Tinh Nghịch) · Thuật Sư Veigar (săn 3 sao)
B50: 🔨 Tạo Tác (Ornn) | D50: Nồi Nấu Ăn / Lò Rèn Thần Thoại (A) | H50: Chuẩn lên 8 ở 4-2. | K50: Thần Rừng Kha'Zix · Thuật Sư Veigar (săn 3 sao) · Mặt Trăng Nidalee & Aphelios
B51: 🏳 Ấn / Xẻng / Chảo / Tộc hệ | D51: Phân Nhánh / Phân Nhánh+ (S – 1 Ấn ngẫu nhiên) · Cắm Rễ Phân Tán (S) · Sơ Đồ Tuyến Sau (A – tướng + Ấn) · lõi tộc: xem bảng XẾP HẠNG LÕI TỘC HỆ bên dưới | H51: Theo đội hình mà Ấn mở ra (xem trang CHỌN ẤN). | K51: Đao Phủ Azir (Thực Vật · Tinh Nghịch) · Mặt Trăng Nidalee & Aphelios · Mặt Trăng Kayle (Mặt Trời)
B52: 🧑 Tướng | D52: Hàng Chờ Pandora / Bài Học Sơ Khai (A) · Sơ Đồ Tuyến Sau (A) · Tinh Linh 'Ba Chúng Tôi', 'Đại Cao Thủ' | H52: Lên cấp theo tướng nhận được: tướng 4–5 vàng → lên 8 sớm. | K52: Triệu Hồi Vi / Azir · Đao Phủ Azir (Thực Vật · Tinh Nghịch) · Thần Rừng Kha'Zix
B53: 🛡 Chỉ số giao tranh | D53: Giữ Vững Hàng Ngũ (S) · Thép Mạ Vàng (S – vật lý) · Khiên Đơn Đấu (S) · Hang Ổ Baron / To Lớn & Mạnh Mẽ (S) · Khảm Bảo Thạch (A – phép) · Linh Hồn Chuộc Tội (A) | H53: Chuẩn; bàn mạnh → có thể lên 8 sớm ở 4-1. | K53: Đao Phủ Azir (Thực Vật · Tinh Nghịch) · Dũng Sĩ Ashe (Thần Rừng · lên 9) · Vệ Quân Cassiopeia
B55: Quy tắc chung: 2-1 ưu tiên lõi Vàng / Mảnh đồ (linh hoạt) · 3-2 chọn lõi khớp đội đang đi (Ấn, Đồ, Tộc) · 4-2 ưu tiên lõi Chỉ số giao tranh. Máu thấp luôn ưu tiên sức mạnh ngay. Tên lõi theo bản tiếng Việt của game; lõi mới 18.4 chưa có tên Việt chính thức nên mô tả theo hiệu ứng.

Sheet CHỌN ĐỘI HÌNH
B2: 🌿 CHỌN ĐỘI HÌNH MẠNH | L2: v1.8 · 06/10/2026
B3: Bấm ô vàng → chọn đội hình → lộ trình, lên đồ, xếp vị trí tự hiện ra | L3: Bản 18.3b · 18.4 ra 07/10
B4: ◄ Về Trang Chủ
B6: ① CHỌN ĐỘI HÌNH ▶ | E6: Đao Phủ Azir – Soraka & Zyra (Thực Vật) | K6: =HYPERLINK("#'HÌNH ẢNH ĐỘI HÌNH'!B"&INDEX(DATA!$AQ$2:$AQ$20,MATCH($E$6,DATA!$A$2:$A$20,0)),"🖼 Xem HÌNH ẢNH đội hình này ▶") -> 🖼 Xem HÌNH ẢNH đội hình này ▶
B8: HẠNG | D8: LỐI CHƠI | G8: ĐỘ KHÓ | I8: NHÓM TƯỚNG CHỦ LỰC | K8: THỨ HẠNG HIỆN TẠI
B9: =INDEX(DATA!$B$2:$B$20,MATCH($E$6,DATA!$A$2:$A$20,0)) -> S | D9: =INDEX(DATA!$C$2:$C$20,MATCH($E$6,DATA!$A$2:$A$20,0)) -> Lên 8 nhanh | G9: =INDEX(DATA!$D$2:$D$20,MATCH($E$6,DATA!$A$2:$A$20,0)) -> Trung bình | I9: =INDEX(DATA!$E$2:$E$20,MATCH($E$6,DATA!$A$2:$A$20,0)) -> 4 vàng | K9: ="#"&INDEX(DATA!$F$2:$F$20,MATCH($E$6,DATA!$A$2:$A$20,0))&" / 19" -> #1 / 19
B11: TỔNG QUAN
B12: =INDEX(DATA!$H$2:$H$20,MATCH($E$6,DATA!$A$2:$A$20,0)) -> ĐỘI TỐT NHẤT MÁY CHỦ VN (18.3b: hạng TB 2.69, top 4 84,8%). Soraka + Zyra gây sát thương phép có chí mạng (Đao Phủ); Azir triệu hồi lính; Veigar + Teemo + Rammus bật Tinh Nghịch cho Rammus cưỡi Bạn Lông Xù làm tường thịt; Fiddlesticks hồi máu (Thực Vật).
B13: Tộc / Hệ kích hoạt | E13: =INDEX(DATA!$G$2:$G$20,MATCH($E$6,DATA!$A$2:$A$20,0)) -> 4 Đao Phủ (có Ấn) · 3 Tinh Nghịch · 2 Thực Vật · 2 Triệu Hồi · 2 Gai Đen · 2 Thuật Sư · 2 Vệ Quân · Vườn Gai
B15: LỘ TRÌNH TRẬN ĐẤU
B16: 📈 Lên cấp & đổi tướng | E16: =INDEX(DATA!$I$2:$I$20,MATCH($E$6,DATA!$A$2:$A$20,0)) -> Cấp 7 ở 3-5 → lên 8 ở 4-2, đổi tướng tìm Soraka + Zyra 2 sao → lên 9 thêm Malphite.
B17: 🌱 Mở màn (Giai đoạn 2) | E17: =INDEX(DATA!$J$2:$J$20,MATCH($E$6,DATA!$A$2:$A$20,0)) -> Mở đầu đội phép rẻ: Veigar, Teemo, Rek'Sai/Kobuko. Ghép sớm Găng Bảo Thạch / Nanh Nashor cho Veigar làm chủ lực tạm.
B18: ⚙️ Giữa trận (Giai đoạn 3–4) | E18: =INDEX(DATA!$K$2:$K$20,MATCH($E$6,DATA!$A$2:$A$20,0)) -> Cấp 7: Veigar, Teemo, Azir, Fiddlesticks, Rammus, Kennen/Zyra + chủ lực tạm. Rammus cưỡi Bạn Lông Xù.
B20: ĐỘI HÌNH CUỐI (CẤP 8 – 9)
B21: # | C21: Tướng | F21: Giá | G21: Tộc / Hệ | L21: Vai trò trong đội
B22: 1 | C22: =IF(INDEX(DATA!$L$2:$L$20,MATCH($E$6,DATA!$A$2:$A$20,0))="","",INDEX(DATA!$L$2:$L$20,MATCH($E$6,DATA!$A$2:$A$20,0))) -> Veigar | F22: =IF(C22="","",INDEX(DATA!$BA$2:$BA$66,MATCH(C22,DATA!$AZ$2:$AZ$66,0))) -> 1 | G22: =IF(C22="","",INDEX(DATA!$BB$2:$BB$66,MATCH(C22,DATA!$AZ$2:$AZ$66,0))) -> Gai Đen, Tinh Nghịch, Thuật Sư | L22: =IF(C22="","",IF(C22=INDEX(DATA!$U$2:$U$20,MATCH($E$6,DATA!$A$2:$A$20,0)),"⚔ CHỦ LỰC CHÍNH",IF(C22=INDEX(DATA!$Z$2:$Z$20,MATCH($E$6,DATA!$A$2:$A$20,0)),"🏹 CHỦ LỰC PHỤ",IF(C22=INDEX(DATA!$AE$2:$AE$20,MATCH($E$6,DATA!$A$2:$A$20,0)),"🛡 ĐỠ ĐÒN CHÍNH","Hỗ trợ / kích tộc")))) -> Hỗ trợ / kích tộc
B23: 2 | C23: =IF(INDEX(DATA!$M$2:$M$20,MATCH($E$6,DATA!$A$2:$A$20,0))="","",INDEX(DATA!$M$2:$M$20,MATCH($E$6,DATA!$A$2:$A$20,0))) -> Teemo | F23: =IF(C23="","",INDEX(DATA!$BA$2:$BA$66,MATCH(C23,DATA!$AZ$2:$AZ$66,0))) -> 2 | G23: =IF(C23="","",INDEX(DATA!$BB$2:$BB$66,MATCH(C23,DATA!$AZ$2:$AZ$66,0))) -> Tinh Nghịch, Thuật Sĩ | L23: =IF(C23="","",IF(C23=INDEX(DATA!$U$2:$U$20,MATCH($E$6,DATA!$A$2:$A$20,0)),"⚔ CHỦ LỰC CHÍNH",IF(C23=INDEX(DATA!$Z$2:$Z$20,MATCH($E$6,DATA!$A$2:$A$20,0)),"🏹 CHỦ LỰC PHỤ",IF(C23=INDEX(DATA!$AE$2:$AE$20,MATCH($E$6,DATA!$A$2:$A$20,0)),"🛡 ĐỠ ĐÒN CHÍNH","Hỗ trợ / kích tộc")))) -> Hỗ trợ / kích tộc
B24: 3 | C24: =IF(INDEX(DATA!$N$2:$N$20,MATCH($E$6,DATA!$A$2:$A$20,0))="","",INDEX(DATA!$N$2:$N$20,MATCH($E$6,DATA!$A$2:$A$20,0))) -> Azir | F24: =IF(C24="","",INDEX(DATA!$BA$2:$BA$66,MATCH(C24,DATA!$AZ$2:$AZ$66,0))) -> 3 | G24: =IF(C24="","",INDEX(DATA!$BB$2:$BB$66,MATCH(C24,DATA!$AZ$2:$AZ$66,0))) -> Gai Đen, Đao Phủ, Triệu Hồi | L24: =IF(C24="","",IF(C24=INDEX(DATA!$U$2:$U$20,MATCH($E$6,DATA!$A$2:$A$20,0)),"⚔ CHỦ LỰC CHÍNH",IF(C24=INDEX(DATA!$Z$2:$Z$20,MATCH($E$6,DATA!$A$2:$A$20,0)),"🏹 CHỦ LỰC PHỤ",IF(C24=INDEX(DATA!$AE$2:$AE$20,MATCH($E$6,DATA!$A$2:$A$20,0)),"🛡 ĐỠ ĐÒN CHÍNH","Hỗ trợ / kích tộc")))) -> Hỗ trợ / kích tộc
B25: 4 | C25: =IF(INDEX(DATA!$O$2:$O$20,MATCH($E$6,DATA!$A$2:$A$20,0))="","",INDEX(DATA!$O$2:$O$20,MATCH($E$6,DATA!$A$2:$A$20,0))) -> Fiddlesticks | F25: =IF(C25="","",INDEX(DATA!$BA$2:$BA$66,MATCH(C25,DATA!$AZ$2:$AZ$66,0))) -> 3 | G25: =IF(C25="","",INDEX(DATA!$BB$2:$BB$66,MATCH(C25,DATA!$AZ$2:$AZ$66,0))) -> Thực Vật, Vệ Quân, Thuật Sư | L25: =IF(C25="","",IF(C25=INDEX(DATA!$U$2:$U$20,MATCH($E$6,DATA!$A$2:$A$20,0)),"⚔ CHỦ LỰC CHÍNH",IF(C25=INDEX(DATA!$Z$2:$Z$20,MATCH($E$6,DATA!$A$2:$A$20,0)),"🏹 CHỦ LỰC PHỤ",IF(C25=INDEX(DATA!$AE$2:$AE$20,MATCH($E$6,DATA!$A$2:$A$20,0)),"🛡 ĐỠ ĐÒN CHÍNH","Hỗ trợ / kích tộc")))) -> Hỗ trợ / kích tộc
B26: 5 | C26: =IF(INDEX(DATA!$P$2:$P$20,MATCH($E$6,DATA!$A$2:$A$20,0))="","",INDEX(DATA!$P$2:$P$20,MATCH($E$6,DATA!$A$2:$A$20,0))) -> Rammus | F26: =IF(C26="","",INDEX(DATA!$BA$2:$BA$66,MATCH(C26,DATA!$AZ$2:$AZ$66,0))) -> 3 | G26: =IF(C26="","",INDEX(DATA!$BB$2:$BB$66,MATCH(C26,DATA!$AZ$2:$AZ$66,0))) -> Tinh Nghịch, Vệ Quân | L26: =IF(C26="","",IF(C26=INDEX(DATA!$U$2:$U$20,MATCH($E$6,DATA!$A$2:$A$20,0)),"⚔ CHỦ LỰC CHÍNH",IF(C26=INDEX(DATA!$Z$2:$Z$20,MATCH($E$6,DATA!$A$2:$A$20,0)),"🏹 CHỦ LỰC PHỤ",IF(C26=INDEX(DATA!$AE$2:$AE$20,MATCH($E$6,DATA!$A$2:$A$20,0)),"🛡 ĐỠ ĐÒN CHÍNH","Hỗ trợ / kích tộc")))) -> 🛡 ĐỠ ĐÒN CHÍNH
B27: 6 | C27: =IF(INDEX(DATA!$Q$2:$Q$20,MATCH($E$6,DATA!$A$2:$A$20,0))="","",INDEX(DATA!$Q$2:$Q$20,MATCH($E$6,DATA!$A$2:$A$20,0))) -> Soraka | F27: =IF(C27="","",INDEX(DATA!$BA$2:$BA$66,MATCH(C27,DATA!$AZ$2:$AZ$66,0))) -> 4 | G27: =IF(C27="","",INDEX(DATA!$BB$2:$BB$66,MATCH(C27,DATA!$AZ$2:$AZ$66,0))) -> Thực Vật, Đao Phủ | L27: =IF(C27="","",IF(C27=INDEX(DATA!$U$2:$U$20,MATCH($E$6,DATA!$A$2:$A$20,0)),"⚔ CHỦ LỰC CHÍNH",IF(C27=INDEX(DATA!$Z$2:$Z$20,MATCH($E$6,DATA!$A$2:$A$20,0)),"🏹 CHỦ LỰC PHỤ",IF(C27=INDEX(DATA!$AE$2:$AE$20,MATCH($E$6,DATA!$A$2:$A$20,0)),"🛡 ĐỠ ĐÒN CHÍNH","Hỗ trợ / kích tộc")))) -> ⚔ CHỦ LỰC CHÍNH
B28: 7 | C28: =IF(INDEX(DATA!$R$2:$R$20,MATCH($E$6,DATA!$A$2:$A$20,0))="","",INDEX(DATA!$R$2:$R$20,MATCH($E$6,DATA!$A$2:$A$20,0))) -> Zyra | F28: =IF(C28="","",INDEX(DATA!$BA$2:$BA$66,MATCH(C28,DATA!$AZ$2:$AZ$66,0))) -> 4 | G28: =IF(C28="","",INDEX(DATA!$BB$2:$BB$66,MATCH(C28,DATA!$AZ$2:$AZ$66,0))) -> Vườn Gai, Triệu Hồi | L28: =IF(C28="","",IF(C28=INDEX(DATA!$U$2:$U$20,MATCH($E$6,DATA!$A$2:$A$20,0)),"⚔ CHỦ LỰC CHÍNH",IF(C28=INDEX(DATA!$Z$2:$Z$20,MATCH($E$6,DATA!$A$2:$A$20,0)),"🏹 CHỦ LỰC PHỤ",IF(C28=INDEX(DATA!$AE$2:$AE$20,MATCH($E$6,DATA!$A$2:$A$20,0)),"🛡 ĐỠ ĐÒN CHÍNH","Hỗ trợ / kích tộc")))) -> 🏹 CHỦ LỰC PHỤ
B29: 8 | C29: =IF(INDEX(DATA!$S$2:$S$20,MATCH($E$6,DATA!$A$2:$A$20,0))="","",INDEX(DATA!$S$2:$S$20,MATCH($E$6,DATA!$A$2:$A$20,0))) -> Kennen | F29: =IF(C29="","",INDEX(DATA!$BA$2:$BA$66,MATCH(C29,DATA!$AZ$2:$AZ$66,0))) -> 5 | G29: =IF(C29="","",INDEX(DATA!$BB$2:$BB$66,MATCH(C29,DATA!$AZ$2:$AZ$66,0))) -> Hỏa Ngục, Đao Phủ | L29: =IF(C29="","",IF(C29=INDEX(DATA!$U$2:$U$20,MATCH($E$6,DATA!$A$2:$A$20,0)),"⚔ CHỦ LỰC CHÍNH",IF(C29=INDEX(DATA!$Z$2:$Z$20,MATCH($E$6,DATA!$A$2:$A$20,0)),"🏹 CHỦ LỰC PHỤ",IF(C29=INDEX(DATA!$AE$2:$AE$20,MATCH($E$6,DATA!$A$2:$A$20,0)),"🛡 ĐỠ ĐÒN CHÍNH","Hỗ trợ / kích tộc")))) -> Hỗ trợ / kích tộc
B30: 9 | C30: =IF(INDEX(DATA!$T$2:$T$20,MATCH($E$6,DATA!$A$2:$A$20,0))="","",INDEX(DATA!$T$2:$T$20,MATCH($E$6,DATA!$A$2:$A$20,0))) -> Malphite | F30: =IF(C30="","",INDEX(DATA!$BA$2:$BA$66,MATCH(C30,DATA!$AZ$2:$AZ$66,0))) -> 4 | G30: =IF(C30="","",INDEX(DATA!$BB$2:$BB$66,MATCH(C30,DATA!$AZ$2:$AZ$66,0))) -> Gai Đen, Cự Thạch | L30: =IF(C30="","",IF(C30=INDEX(DATA!$U$2:$U$20,MATCH($E$6,DATA!$A$2:$A$20,0)),"⚔ CHỦ LỰC CHÍNH",IF(C30=INDEX(DATA!$Z$2:$Z$20,MATCH($E$6,DATA!$A$2:$A$20,0)),"🏹 CHỦ LỰC PHỤ",IF(C30=INDEX(DATA!$AE$2:$AE$20,MATCH($E$6,DATA!$A$2:$A$20,0)),"🛡 ĐỠ ĐÒN CHÍNH","Hỗ trợ / kích tộc")))) -> Hỗ trợ / kích tộc
B32: LÊN ĐỒ CHUẨN · dòng chữ nhỏ = công thức ghép
B33: Vai trò | D33: Tướng | F33: Món 1 | H33: Món 2 | J33: Món 3 | L33: Thay thế / Tạo Tác
B34: ⚔ Chủ lực chính | D34: =INDEX(DATA!$U$2:$U$20,MATCH($E$6,DATA!$A$2:$A$20,0)) -> Soraka | F34: =INDEX(DATA!$V$2:$V$20,MATCH($E$6,DATA!$A$2:$A$20,0)) -> Găng Bảo Thạch | H34: =INDEX(DATA!$W$2:$W$20,MATCH($E$6,DATA!$A$2:$A$20,0)) -> Nanh Nashor | J34: =INDEX(DATA!$X$2:$X$20,MATCH($E$6,DATA!$A$2:$A$20,0)) -> Mũ Phù Thủy Rabadon | L34: =INDEX(DATA!$Y$2:$Y$20,MATCH($E$6,DATA!$A$2:$A$20,0)) -> Mũ Thích Nghi thay Rabadon · Tạo Tác: Lõi Bình Minh, Kiếm Tai Ương
F35: =IFERROR(INDEX(DATA!$BK$2:$BK$46,MATCH(F34,DATA!$BF$2:$BF$46,0)),"") -> Gậy Quá Khổ + Găng Đấu Tập | H35: =IFERROR(INDEX(DATA!$BK$2:$BK$46,MATCH(H34,DATA!$BF$2:$BF$46,0)),"") -> Cung Gỗ + Đai Khổng Lồ | J35: =IFERROR(INDEX(DATA!$BK$2:$BK$46,MATCH(J34,DATA!$BF$2:$BF$46,0)),"") -> Gậy Quá Khổ + Gậy Quá Khổ
B36: 🏹 Chủ lực phụ | D36: =INDEX(DATA!$Z$2:$Z$20,MATCH($E$6,DATA!$A$2:$A$20,0)) -> Zyra | F36: =INDEX(DATA!$AA$2:$AA$20,MATCH($E$6,DATA!$A$2:$A$20,0)) -> Găng Bảo Thạch | H36: =INDEX(DATA!$AB$2:$AB$20,MATCH($E$6,DATA!$A$2:$A$20,0)) -> Trượng Hư Vô | J36: =INDEX(DATA!$AC$2:$AC$20,MATCH($E$6,DATA!$A$2:$A$20,0)) -> Ngọn Giáo Shojin | L36: =INDEX(DATA!$AD$2:$AD$20,MATCH($E$6,DATA!$A$2:$A$20,0)) -> Ấn Đao Phủ đeo cho Zyra = mở Đao Phủ 4 (tốt nhất)
F37: =IFERROR(INDEX(DATA!$BK$2:$BK$46,MATCH(F36,DATA!$BF$2:$BF$46,0)),"") -> Gậy Quá Khổ + Găng Đấu Tập | H37: =IFERROR(INDEX(DATA!$BK$2:$BK$46,MATCH(H36,DATA!$BF$2:$BF$46,0)),"") -> Cung Gỗ + Nước Mắt Nữ Thần | J37: =IFERROR(INDEX(DATA!$BK$2:$BK$46,MATCH(J36,DATA!$BF$2:$BF$46,0)),"") -> Kiếm BF + Nước Mắt Nữ Thần
B38: 🛡 Đỡ đòn chính | D38: =INDEX(DATA!$AE$2:$AE$20,MATCH($E$6,DATA!$A$2:$A$20,0)) -> Rammus | F38: =INDEX(DATA!$AF$2:$AF$20,MATCH($E$6,DATA!$A$2:$A$20,0)) -> Thú Tượng Thạch Giáp | H38: =INDEX(DATA!$AG$2:$AG$20,MATCH($E$6,DATA!$A$2:$A$20,0)) -> Vương Miện Hoàng Gia | J38: =INDEX(DATA!$AH$2:$AH$20,MATCH($E$6,DATA!$A$2:$A$20,0)) -> Áo Choàng Gai | L38: =INDEX(DATA!$AI$2:$AI$20,MATCH($E$6,DATA!$A$2:$A$20,0)) -> Fiddlesticks: Nỏ Sét / Áo Choàng Lửa · Malphite (cấp 9): Giáp Máu Warmog
F39: =IFERROR(INDEX(DATA!$BK$2:$BK$46,MATCH(F38,DATA!$BF$2:$BF$46,0)),"") -> Giáp Lưới + Áo Choàng Bạc | H39: =IFERROR(INDEX(DATA!$BK$2:$BK$46,MATCH(H38,DATA!$BF$2:$BF$46,0)),"") -> Gậy Quá Khổ + Giáp Lưới | J39: =IFERROR(INDEX(DATA!$BK$2:$BK$46,MATCH(J38,DATA!$BF$2:$BF$46,0)),"") -> Giáp Lưới + Giáp Lưới
B41: 🔧 Ưu tiên mảnh đồ | E41: =INDEX(DATA!$AJ$2:$AJ$20,MATCH($E$6,DATA!$A$2:$A$20,0)) -> Gậy Quá Khổ > Găng Đấu Tập > Nước Mắt Nữ Thần > Giáp Lưới > Áo Choàng Bạc
B42: ✨ Lõi nâng cấp khuyên dùng | E42: =INDEX(DATA!$AK$2:$AK$20,MATCH($E$6,DATA!$A$2:$A$20,0)) -> Thực Vật Hấp Thụ, Khiên Đơn Đấu, Đam Mê Gậy, Giữ Vững Hàng Ngũ, Ấn Đao Phủ
B43: 🎯 Khi nào nên chơi | E43: =INDEX(DATA!$AL$2:$AL$20,MATCH($E$6,DATA!$A$2:$A$20,0)) -> Có đồ phép + Găng; ít đội phép khác trong phòng. ⚠ 18.4 (07/10): Đao Phủ chảy máu giảm nhẹ (40% → 35%) – vẫn rất mạnh.
B45: TRIỂN KHAI & XẾP VỊ TRÍ
B46: 🗺 Xếp vị trí | E46: =INDEX(DATA!$AM$2:$AM$20,MATCH($E$6,DATA!$A$2:$A$20,0)) -> Soraka & Zyra hàng sau ở 2 góc; Rammus (cưỡi Bạn Lông Xù) + Fiddlesticks hàng đầu giữa; cây của Zyra lấp khoảng trống phía trước.
B47: 💡 Mẹo leo hạng | E47: =INDEX(DATA!$AN$2:$AN$20,MATCH($E$6,DATA!$A$2:$A$20,0)) -> Đây là đội Azir + Rammus + Teemo + Fiddlesticks + Veigar + Zyra + Soraka – số liệu VN xác nhận mạnh nhất · Ấn Đao Phủ → Zyra · Ấn Thuật Sĩ → Soraka · Giữ từ 6 cây Zyra sống để Vườn Gai lên 10%.
B48: ⚠️ Điểm yếu / khắc chế | E48: =INDEX(DATA!$AO$2:$AO$20,MATCH($E$6,DATA!$A$2:$A$20,0)) -> Đội dồn sát thương phép nhanh; Soraka bị bắt sớm; 2 người cùng ép Soraka/Zyra.
B50: Mẫu bàn cờ gợi ý | E50: =INDEX(DATA!$AP$2:$AP$20,MATCH($E$6,DATA!$A$2:$A$20,0)) -> Chủ lực ở góc (chuẩn)
E51: ▲ PHÍA ĐỐI THỦ ▲
D52: Hàng 1 | E52: =INDEX(DATA!$CF$2:$CF$6,MATCH($E$50,DATA!$CD$2:$CD$6,0))&"" | F52: =INDEX(DATA!$CG$2:$CG$6,MATCH($E$50,DATA!$CD$2:$CD$6,0))&"" -> 🛡 ĐỠ ĐÒN | G52: =INDEX(DATA!$CH$2:$CH$6,MATCH($E$50,DATA!$CD$2:$CD$6,0))&"" -> 🛡 ĐỠ ĐÒN | H52: =INDEX(DATA!$CI$2:$CI$6,MATCH($E$50,DATA!$CD$2:$CD$6,0))&"" | I52: =INDEX(DATA!$CJ$2:$CJ$6,MATCH($E$50,DATA!$CD$2:$CD$6,0))&"" -> 🛡 ĐỠ ĐÒN | J52: =INDEX(DATA!$CK$2:$CK$6,MATCH($E$50,DATA!$CD$2:$CD$6,0))&"" -> 🛡 ĐỠ ĐÒN | K52: =INDEX(DATA!$CL$2:$CL$6,MATCH($E$50,DATA!$CD$2:$CD$6,0))&"" | L52: =INDEX(DATA!$CE$2:$CE$6,MATCH($E$50,DATA!$CD$2:$CD$6,0)) -> Chủ lực chính ở góc hàng cuối, chủ lực phụ ở góc đối diện để né kỹ năng diện rộng. Đỡ đòn dàn 4 ô hàng đầu, 1 hỗ trợ (Taric/Thuật Sĩ) đứng sau đỡ đòn.
D53: Hàng 2 | E53: =INDEX(DATA!$CM$2:$CM$6,MATCH($E$50,DATA!$CD$2:$CD$6,0))&"" | F53: =INDEX(DATA!$CN$2:$CN$6,MATCH($E$50,DATA!$CD$2:$CD$6,0))&"" | G53: =INDEX(DATA!$CO$2:$CO$6,MATCH($E$50,DATA!$CD$2:$CD$6,0))&"" -> ✚ HỖ TRỢ | H53: =INDEX(DATA!$CP$2:$CP$6,MATCH($E$50,DATA!$CD$2:$CD$6,0))&"" | I53: =INDEX(DATA!$CQ$2:$CQ$6,MATCH($E$50,DATA!$CD$2:$CD$6,0))&"" | J53: =INDEX(DATA!$CR$2:$CR$6,MATCH($E$50,DATA!$CD$2:$CD$6,0))&"" | K53: =INDEX(DATA!$CS$2:$CS$6,MATCH($E$50,DATA!$CD$2:$CD$6,0))&""
D54: Hàng 3 | E54: =INDEX(DATA!$CT$2:$CT$6,MATCH($E$50,DATA!$CD$2:$CD$6,0))&"" | F54: =INDEX(DATA!$CU$2:$CU$6,MATCH($E$50,DATA!$CD$2:$CD$6,0))&"" | G54: =INDEX(DATA!$CV$2:$CV$6,MATCH($E$50,DATA!$CD$2:$CD$6,0))&"" | H54: =INDEX(DATA!$CW$2:$CW$6,MATCH($E$50,DATA!$CD$2:$CD$6,0))&"" | I54: =INDEX(DATA!$CX$2:$CX$6,MATCH($E$50,DATA!$CD$2:$CD$6,0))&"" | J54: =INDEX(DATA!$CY$2:$CY$6,MATCH($E$50,DATA!$CD$2:$CD$6,0))&"" | K54: =INDEX(DATA!$CZ$2:$CZ$6,MATCH($E$50,DATA!$CD$2:$CD$6,0))&""
D55: Hàng 4 | E55: =INDEX(DATA!$DA$2:$DA$6,MATCH($E$50,DATA!$CD$2:$CD$6,0))&"" -> ⚔ CHỦ LỰC | F55: =INDEX(DATA!$DB$2:$DB$6,MATCH($E$50,DATA!$CD$2:$CD$6,0))&"" -> ✚ HỖ TRỢ | G55: =INDEX(DATA!$DC$2:$DC$6,MATCH($E$50,DATA!$CD$2:$CD$6,0))&"" | H55: =INDEX(DATA!$DD$2:$DD$6,MATCH($E$50,DATA!$CD$2:$CD$6,0))&"" | I55: =INDEX(DATA!$DE$2:$DE$6,MATCH($E$50,DATA!$CD$2:$CD$6,0))&"" | J55: =INDEX(DATA!$DF$2:$DF$6,MATCH($E$50,DATA!$CD$2:$CD$6,0))&"" -> 🏹 CHỦ LỰC 2 | K55: =INDEX(DATA!$DG$2:$DG$6,MATCH($E$50,DATA!$CD$2:$CD$6,0))&""
E56: ▼ HÀNG SAU CỦA BẠN ▼

Sheet HÌNH ẢNH ĐỘI HÌNH
B2: 🌿 HÌNH ẢNH ĐỘI HÌNH | L2: v1.8 · 06/10/2026
B3: Nhìn hình để nhận biết tướng, trang bị và lõi của các đội hình mạnh – bấm tên đội ở trang XẾP HẠNG để nhảy tới | L3: Bản 18.3b · 18.4 ra 07/10
B4: ◄ Về Trang Chủ
B7: S | C7: #1 Đao Phủ Azir – Soraka & Zyra (Thực Vật) | K7: Lên 8 nhanh · Trung bình
B8: ĐỘI HÌNH CUỐI | L8: ⚔ chủ lực chính · 🏹 chủ lực phụ · 🛡 đỡ đòn chính Màu ô tên = giá tướng (xám 1 · xanh lá 2 · xanh dương 3 · tím 4 · vàng 5) Tộc/Hệ: 4 Đao Phủ (có Ấn) · 3 Tinh Nghịch · 2 Thực Vật · 2 Triệu Hồi · 2 Gai Đen · 2 Thuật Sư · 2 Vệ Quân · Vườn Gai
C9: Veigar | D9: Teemo | E9: Azir | F9: Fiddlesticks | G9: 🛡 Rammus | H9: ⚔ Soraka | I9: 🏹 Zyra | J9: Kennen | K9: Malphite
B10: ⚔ Chủ lực chính | D10: Soraka | F10: Găng Bảo Thạch | H10: Nanh Nashor | J10: Mũ Phù Thủy Rabadon | K10: Mũ Thích Nghi thay Rabadon · Tạo Tác: Lõi Bình Minh, Kiếm Tai Ương
B11: 🏹 Chủ lực phụ | D11: Zyra | F11: Găng Bảo Thạch | H11: Trượng Hư Vô | J11: Ngọn Giáo Shojin | K11: Ấn Đao Phủ đeo cho Zyra = mở Đao Phủ 4 (tốt nhất)
B12: 🛡 Đỡ đòn chính | D12: Rammus | F12: Thú Tượng Thạch Giáp | H12: Vương Miện Hoàng Gia | J12: Áo Choàng Gai | K12: Fiddlesticks: Nỏ Sét / Áo Choàng Lửa · Malphite (cấp 9): Giáp Máu Warmog
B13: ✨ Lõi nên chọn | D13: Thực Vật Hấp Thụ | F13: Khiên Đơn Đấu | H13: Đam Mê Gậy | J13: Giữ Vững Hàng Ngũ | K13: Khác: Ấn Đao Phủ
B15: S | C15: #2 Nidalee & Aphelios Mặt Trăng | K15: Lên 8 nhanh · Trung bình
B16: ĐỘI HÌNH CUỐI | L16: ⚔ chủ lực chính · 🏹 chủ lực phụ · 🛡 đỡ đòn chính Màu ô tên = giá tướng (xám 1 · xanh lá 2 · xanh dương 3 · tím 4 · vàng 5) Tộc/Hệ: 2 Mặt Trăng · 2 Liên Kích · 2 Nguyên Sinh · 2 Thích Ứng · 2 Dũng Sĩ · 2 Tiên Phong · 2 Hỏa Ngục · Ăn Mòn
C17: Varus | D17: Diana | E17: Kog'Maw | F17: Vi | G17: 🛡 Amumu | H17: ⚔ Aphelios | I17: 🏹 Nidalee | J17: Người Đá | K17: Taric
B18: ⚔ Chủ lực chính | D18: Aphelios | F18: Cuồng Đao Guinsoo | H18: Vô Cực Kiếm | J18: Thịnh Nộ Thủy Quái | K18: Thay thế: Kiếm Tử Thần, Cung Xanh · Tạo Tác: Đại Bác Hải Tặc
B19: 🏹 Chủ lực phụ | D19: Nidalee | F19: Vô Cực Kiếm | H19: Ngọn Giáo Shojin | J19: Móng Vuốt Sterak | K19: Thay thế: Áo Choàng Bóng Tối + Áo Choàng Thủy Ngân + Vô Cực Kiếm · Tạo Tác: Chùy Bạch Ngân
B20: 🛡 Đỡ đòn chính | D20: Amumu | F20: Thú Tượng Thạch Giáp | H20: Giáp Máu Warmog | J20: Giáp Tâm Linh | K20: Người Đá: 2–3 Lời Thề Hộ Vệ, Áo Choàng Lửa
B21: ✨ Lõi nên chọn | D21: Thợ Rèn Kiếm | F21: Đam Mê Kiếm | H21: Thép Mạ Vàng | J21: Quái Thú Bên Trong
B23: S | C23: #3 Sivir & Nidalee Nguyên Sinh | K23: Lên 8 nhanh · Trung bình
B24: ĐỘI HÌNH CUỐI | L24: ⚔ chủ lực chính · 🏹 chủ lực phụ · 🛡 đỡ đòn chính Màu ô tên = giá tướng (xám 1 · xanh lá 2 · xanh dương 3 · tím 4 · vàng 5) Tộc/Hệ: 3 Thợ Săn · 3 Quái Rừng · 2 Nguyên Sinh · 2 Thích Ứng · 2 Gai Đen · 2 Đấu Sĩ · 2 Thuật Sĩ · Cự Thạch
C25: Mầm Non | D25: Rek'Sai | E25: Quái Đá Krug | F25: Kog'Maw | G25: 🛡 Malphite | H25: 🏹 Nidalee | I25: ⚔ Sivir | J25: Người Đá | K25: Ashe
B26: ⚔ Chủ lực chính | D26: Sivir | F26: Vô Cực Kiếm | H26: Kiếm Tử Thần | J26: Bùa Xanh | K26: Ngọn Giáo Shojin thay Bùa Xanh; Chùy Đoản Côn / Bùa Đỏ
B27: 🏹 Chủ lực phụ | D27: Nidalee | F27: Vô Cực Kiếm | H27: Ngọn Giáo Shojin | J27: Móng Vuốt Sterak | K27: Bàn Tay Công Lý thay Móng Vuốt Sterak
B28: 🛡 Đỡ đòn chính | D28: Malphite | F28: Thú Tượng Thạch Giáp | H28: Vương Miện Hoàng Gia | J28: Giáp Máu Warmog | K28: Tạo Tác: Huy Hiệu Thánh Khiên / Khiên Hừng Đông (lên hạng S)
B29: ✨ Lõi nên chọn | D29: Thợ Rèn Kiếm | F29: Đam Mê Kiếm (+2 bậc) | H29: Xúc Xắc Hoành Tráng | J29: Xúc Xắc Vô Tận | K29: Khác: Ấn Thợ Săn / Nguyên Sinh
B31: A | C31: #4 Kha'Zix Khắc Tinh (Thần Rừng Đao Phủ) | K31: Săn 3 sao 3 vàng (đổi tướng ở cấp 7) · Trung bình
B32: ĐỘI HÌNH CUỐI | L32: ⚔ chủ lực chính · 🏹 chủ lực phụ · 🛡 đỡ đòn chính Màu ô tên = giá tướng (xám 1 · xanh lá 2 · xanh dương 3 · tím 4 · vàng 5) Tộc/Hệ: 3 Đao Phủ · 3 Thần Rừng · 2 Thực Vật · 2 Vệ Quân · 2 Mặt Trăng · Khắc Tinh
C33: Ornn | D33: 🛡 Hecarim | E33: Fiddlesticks | F33: Diana | G33: ⚔ Kha'Zix | H33: Soraka | I33: 🏹 Aphelios | J33: Ezreal
B34: ⚔ Chủ lực chính | D34: Kha'Zix | F34: Áo Choàng Bóng Tối | H34: Bàn Tay Công Lý | J34: Mũ Phù Thủy Rabadon | K34: Tạo Tác Kiếm Tai Ương là đồ chuẩn số 1 (đẩy đội lên mức cao nhất) · Thay thế: Găng Bảo Thạch, Chùy Đoản Côn
B35: 🏹 Chủ lực phụ | D35: Aphelios | F35: Cuồng Đao Guinsoo | H35: Vô Cực Kiếm | J35: Thịnh Nộ Thủy Quái | K35: Chủ lực phụ; Ezreal cũng cầm được đồ dư (Ngọn Giáo Shojin, Cung Xanh)
B36: 🛡 Đỡ đòn chính | D36: Hecarim | F36: Thú Tượng Thạch Giáp | H36: Áo Choàng Lửa | J36: Giáp Máu Warmog | K36: Ornn: Áo Choàng Gai, Giáp Tâm Linh · Cây Thần Rừng lấp tuyến trước
B37: ✨ Lõi nên chọn | D37: Không Đối Thủ | F37: Nồi Nấu Ăn | H37: Giữ Vững Hàng Ngũ | K37: Khác: Kiếm Tai Ương (Tạo Tác), Ấn Đao Phủ
B39: A | C39: #5 Ahri & Morgana Thuật Sĩ | K39: Lên 8 nhanh · Trung bình
B40: ĐỘI HÌNH CUỐI | L40: ⚔ chủ lực chính · 🏹 chủ lực phụ · 🛡 đỡ đòn chính Màu ô tên = giá tướng (xám 1 · xanh lá 2 · xanh dương 3 · tím 4 · vàng 5) Tộc/Hệ: 3 Thuật Sĩ · 3 Hoa Linh · 3 Quái Rừng · 2 Thuật Sư · 2 Đấu Sĩ · 2 Tiên Phong
C41: Karma | D41: Sỏi | E41: Quái Đá Krug | F41: Sett | G41: ⚔ Ahri | H41: 🏹 Morgana | I41: 🛡 Người Đá | J41: Taric | K41: Lux
B42: ⚔ Chủ lực chính | D42: Ahri | F42: Găng Bảo Thạch | H42: Ngọn Giáo Shojin | J42: Chùy Đoản Côn | K42: Thay thế: Nanh Nashor · Tạo Tác: Khế Ước Vĩnh Hằng
B43: 🏹 Chủ lực phụ | D43: Morgana | F43: Quỷ Thư Morello | H43: Trượng Hư Vô | J43: Mũ Phù Thủy Rabadon | K43: Bắt buộc có Quỷ Thư Morello + Trượng Hư Vô · Tạo Tác: Đá Hắc Hóa
B44: 🛡 Đỡ đòn chính | D44: Người Đá | F44: Lời Thề Hộ Vệ | H44: Áo Choàng Lửa | J44: Thú Tượng Thạch Giáp | K44: Sett: Giáp Máu Warmog, Thú Tượng Thạch Giáp, Giáp Tâm Linh
B45: ✨ Lõi nên chọn | D45: Sinh Nhật Đoàn Tụ | F45: Kỳ Vọng Bất Ngờ | H45: Xúc Xắc Hoành Tráng | K45: Khác: Ấn Thuật Sĩ (lên S+)
B47: A | C47: #6 Ashe Hoa Linh Lên 9 | K47: Lên 9 nhanh · Khó
B48: ĐỘI HÌNH CUỐI | L48: ⚔ chủ lực chính · 🏹 chủ lực phụ · 🛡 đỡ đòn chính Màu ô tên = giá tướng (xám 1 · xanh lá 2 · xanh dương 3 · tím 4 · vàng 5) Tộc/Hệ: 5 Hoa Linh · 2 Thuật Sư · 2 Đấu Sĩ · 2 Dũng Sĩ · Tiên Phong
C49: Karma | D49: Yorick | E49: 🏹 Ahri | F49: 🛡 Sett | G49: ⚔ Ashe | H49: Maokai | I49: Taric | J49: Gnar | K49: Alune
B50: ⚔ Chủ lực chính | D50: Ashe | F50: Ngọn Giáo Shojin | H50: Bùa Đỏ | J50: Cung Xanh | K50: Bùa Xanh thay Ngọn Giáo · Bùa Đỏ Ánh Sáng là đồ tốt nhất
B51: 🏹 Chủ lực phụ | D51: Ahri | F51: Găng Bảo Thạch | H51: Chùy Đoản Côn | J51: Nanh Nashor | K51: Ngọn Giáo Shojin / Bùa Xanh thay Nanh Nashor
B52: 🛡 Đỡ đòn chính | D52: Sett | F52: Giáp Máu Warmog | H52: Áo Choàng Gai | J52: Vuốt Rồng | K52: Maokai: Thú Tượng Thạch Giáp, Giáp Máu Warmog, Giáp Tâm Linh
B53: ✨ Lõi nên chọn | D53: Tinh Linh Hoàn Tiền (tốt nhất) | F53: Tiếng Gọi Hoa Linh | H53: Thăng Tiến Cuối Trận | J53: Kỷ Nguyên
B55: A | C55: #7 Rồng Ngàn Tuổi Quái Rừng | K55: Lên 9 nhanh · Khó
B56: ĐỘI HÌNH CUỐI | L56: ⚔ chủ lực chính · 🏹 chủ lực phụ · 🛡 đỡ đòn chính Màu ô tên = giá tướng (xám 1 · xanh lá 2 · xanh dương 3 · tím 4 · vàng 5) Tộc/Hệ: 7 Quái Rừng · Bá Chủ · 2 Tàn Phá · 2 Đấu Sĩ · 2 Tiên Phong · 2 Thuật Sĩ
C57: Sỏi | D57: Sói Hắc Ám | E57: Quái Đá Krug | F57: 🏹 Bụi Gai Đỏ | G57: 🛡 Người Đá | H57: ⚔ Rồng Ngàn Tuổi | I57: Gnar | J57: Taric
B58: ⚔ Chủ lực chính | D58: Rồng Ngàn Tuổi | F58: Vô Cực Kiếm | H58: Bàn Tay Công Lý | J58: Móng Vuốt Sterak | K58: Cung Xanh / Chùy Đoản Côn thay thế
B59: 🏹 Chủ lực phụ | D59: Bụi Gai Đỏ | F59: Áo Choàng Bóng Tối | H59: Móng Vuốt Sterak | J59: Áo Choàng Thủy Ngân | K59: Diệt Khổng Lồ thay Móng Vuốt (cần 2/3 món)
B60: 🛡 Đỡ đòn chính | D60: Người Đá | F60: Lời Thề Hộ Vệ | H60: Áo Choàng Lửa | J60: Thú Tượng Thạch Giáp | K60: Quái Đá Krug: Thú Tượng Thạch Giáp, Giáp Máu Warmog
B61: ✨ Lõi nên chọn | D61: Thăng Cấp. | F61: Quà Sinh Nhật | H61: Quái Rừng Omega | J61: Kỷ Nguyên
B63: A | C63: #8 Draven Lên 9 (Thần Rừng Đao Phủ) | K63: Lên 9 nhanh · Khó
B64: ĐỘI HÌNH CUỐI | L64: ⚔ chủ lực chính · 🏹 chủ lực phụ · 🛡 đỡ đòn chính Màu ô tên = giá tướng (xám 1 · xanh lá 2 · xanh dương 3 · tím 4 · vàng 5) Tộc/Hệ: 3 Thần Rừng · 2 Đao Phủ · 2 Đấu Sĩ · 2 Dũng Sĩ · 2 Hỏa Ngục · Săn Thưởng · Cổ Thụ · Thụ Thần · Lục Bảo
C65: Alistar | D65: Amumu | E65: 🏹 Ezreal | F65: ⚔ Draven | G65: Gnar | H65: Ivern | I65: Kennen | J65: 🛡 Maokai | K65: Taric
B66: ⚔ Chủ lực chính | D66: Draven | F66: Cuồng Đao Guinsoo | H66: Thịnh Nộ Thủy Quái | J66: Kiếm Tử Thần | K66: Diệt Khổng Lồ thay Kiếm Tử Thần · Cuồng Đao Guinsoo gần như bắt buộc
B67: 🏹 Chủ lực phụ | D67: Ezreal | F67: Ngọn Giáo Shojin | H67: Cung Xanh | J67: Bùa Đỏ | K67: Thay thế: Kiếm Tử Thần, Bùa Xanh
B68: 🛡 Đỡ đòn chính | D68: Maokai | F68: Thú Tượng Thạch Giáp | H68: Giáp Máu Warmog | J68: Giáp Tâm Linh | K68: Áo Choàng Gai / Lời Thề Hộ Vệ đều tốt
B69: ✨ Lõi nên chọn | D69: Thăng Tiến Cuối Trận (+2 bậc) | F69: Thăng Cấp. | H69: Quà Sinh Nhật | K69: Khác: Ấn Đao Phủ
B71: B | C71: #9 Caitlyn Dũng Sĩ Thợ Săn | K71: Săn 3 sao 2 vàng (đổi tướng từ từ ở cấp 6) · Dễ
B72: ĐỘI HÌNH CUỐI | L72: ⚔ chủ lực chính · 🏹 chủ lực phụ · 🛡 đỡ đòn chính Màu ô tên = giá tướng (xám 1 · xanh lá 2 · xanh dương 3 · tím 4 · vàng 5) Tộc/Hệ: 4 Dũng Sĩ · 4 Thợ Săn · 2 Nguyên Sinh · 2 Tiên Linh
C73: Rakan | D73: ⚔ Caitlyn | E73: 🛡 Cua Kỳ Cục | F73: Sejuani | G73: Tristana | H73: Vi | I73: 🏹 Sivir | J73: Ashe
B74: ⚔ Chủ lực chính | D74: Caitlyn | F74: Cuồng Đao Guinsoo | H74: Thịnh Nộ Thủy Quái | J74: Diệt Khổng Lồ | K74: Cuồng Đao Guinsoo là bắt buộc · KHÔNG dùng đồ Năng Lượng · Tạo Tác: Đao Chớp
B75: 🏹 Chủ lực phụ | D75: Sivir | F75: Cung Xanh | H75: Vô Cực Kiếm | J75: Ngọn Giáo Shojin | K75: Chủ lực phụ, giữ đồ tiện ích
B76: 🛡 Đỡ đòn chính | D76: Cua Kỳ Cục | F76: Giáp Máu Warmog | H76: Thú Tượng Thạch Giáp | J76: Giáp Tâm Linh | K76: Sejuani: Thú Tượng Thạch Giáp, Áo Choàng Lửa
B77: ✨ Lõi nên chọn | D77: Tăng Vốn I | F77: Băng Trộm | H77: Kỳ Vọng Bất Ngờ
B79: B | C79: #10 Veigar Thực Vật Hấp Thụ (Tinh Nghịch) | K79: Săn 3 sao 1 vàng (đổi tướng từ từ ở cấp 5) · Dễ
B80: ĐỘI HÌNH CUỐI | L80: ⚔ chủ lực chính · 🏹 chủ lực phụ · 🛡 đỡ đòn chính Màu ô tên = giá tướng (xám 1 · xanh lá 2 · xanh dương 3 · tím 4 · vàng 5) Tộc/Hệ: 5 Tinh Nghịch · 4 Đấu Sĩ · 2 Thuật Sư · 2 Gai Đen · 2 Vệ Quân · Thực Vật
C81: Kobuko | D81: 🛡 Rek'Sai | E81: ⚔ Veigar | F81: 🏹 Teemo | G81: Fiddlesticks | H81: Rammus | I81: Sett | J81: Gnar
B82: ⚔ Chủ lực chính | D82: Veigar | F82: Găng Bảo Thạch | H82: Bùa Xanh | J82: Nanh Nashor | K82: Ngọn Giáo Shojin thay Bùa Xanh · Tạo Tác: Kiếm Tai Ương / Lõi Bình Minh / Khế Ước Vĩnh Hằng
B83: 🏹 Chủ lực phụ | D83: Teemo | F83: Găng Bảo Thạch | H83: Nanh Nashor | J83: Nanh Nashor | K83: Chủ lực phép phụ
B84: 🛡 Đỡ đòn chính | D84: Rek'Sai | F84: Thú Tượng Thạch Giáp | H84: Áo Choàng Lửa | J84: Giáp Máu Warmog | K84: —
B85: ✨ Lõi nên chọn | D85: Thực Vật Hấp Thụ (bắt buộc | F85: Lò Rèn Thần Thoại | K85: Khác: 1 người/phòng), Ấn Thực Vật
B87: B | C87: #11 Yunara Mặt Trời (săn 3 sao) | K87: Săn 3 sao 2 vàng · Trung bình
B88: ĐỘI HÌNH CUỐI | L88: ⚔ chủ lực chính · 🏹 chủ lực phụ · 🛡 đỡ đòn chính Màu ô tên = giá tướng (xám 1 · xanh lá 2 · xanh dương 3 · tím 4 · vàng 5) Tộc/Hệ: 3 Mặt Trời · 3 Hoa Linh · 2 Đao Phủ · 2 Dũng Sĩ · 2 Thuật Sư · Triệu Hồi
C89: 🛡 Sejuani | D89: Yorick | E89: Leona | F89: ⚔ Yunara | G89: LeBlanc | H89: Karma | I89: 🏹 Kayle | J89: Azir
B90: ⚔ Chủ lực chính | D90: Yunara | F90: Ngọn Giáo Shojin | H90: Kiếm Tử Thần | J90: Chùy Đoản Côn | K90: Tạo Tác: Đại Bác Hải Tặc, Lõi Bình Minh (đẩy hạng lên cao)
B91: 🏹 Chủ lực phụ | D91: Kayle | F91: Cuồng Đao Guinsoo | H91: Găng Bảo Thạch | J91: Mũ Phù Thủy Rabadon | K91: Chủ lực phụ khi có thêm 3 sao
B92: 🛡 Đỡ đòn chính | D92: Sejuani | F92: Thú Tượng Thạch Giáp | H92: Giáp Máu Warmog | J92: Giáp Tâm Linh | K92: Leona: Áo Choàng Gai, Vuốt Rồng
B93: ✨ Lõi nên chọn | D93: Xúc Xắc Vô Tận | F93: Tăng Vốn I | H93: Hàng Chờ Pandora
B95: B | C95: #12 Azir Triệu Hồi (săn 3 sao) | K95: Săn 3 sao 3 vàng (đổi tướng ở cấp 7) · Trung bình
B96: ĐỘI HÌNH CUỐI | L96: ⚔ chủ lực chính · 🏹 chủ lực phụ · 🛡 đỡ đòn chính Màu ô tên = giá tướng (xám 1 · xanh lá 2 · xanh dương 3 · tím 4 · vàng 5) Tộc/Hệ: 3 Triệu Hồi · 3 Đao Phủ · 2 Hoa Linh · 2 Gai Đen · 2 Đấu Sĩ · 2 Dũng Sĩ
C97: ⚔ Azir | D97: 🛡 Vi | E97: Kha'Zix | F97: Sett | G97: 🏹 Zyra | H97: Yorick | I97: Rek'Sai | J97: Yunara
B98: ⚔ Chủ lực chính | D98: Azir | F98: Kiếm Súng Hextech | H98: Mũ Phù Thủy Rabadon | J98: Quyền Trượng Thiên Thần | K98: Tạo Tác: Đao Chớp (rất mạnh), Kiếm Tai Ương
B99: 🏹 Chủ lực phụ | D99: Zyra | F99: Găng Bảo Thạch | H99: Trượng Hư Vô | J99: Ngọn Giáo Shojin | K99: Chủ lực phụ nhờ cây Triệu Hồi
B100: 🛡 Đỡ đòn chính | D100: Vi | F100: Thú Tượng Thạch Giáp | H100: Thú Tượng Thạch Giáp | J100: Giáp Máu Warmog | K100: Rek'Sai: Áo Choàng Lửa, Giáp Tâm Linh
B101: ✨ Lõi nên chọn | D101: Giữ Vững Hàng Ngũ | F101: Nồi Nấu Ăn | K101: Khác: Lõi kinh tế + 1 lõi trang bị, Khảm Bảo Thạch
B103: B | C103: #13 Cassiopeia Vệ Quân | K103: Săn 3 sao 3 vàng (đổi tướng từ từ ở cấp 7) · Trung bình
B104: ĐỘI HÌNH CUỐI | L104: ⚔ chủ lực chính · 🏹 chủ lực phụ · 🛡 đỡ đòn chính Màu ô tên = giá tướng (xám 1 · xanh lá 2 · xanh dương 3 · tím 4 · vàng 5) Tộc/Hệ: 6 Vệ Quân · 2 Thuật Sư · 2 Thực Vật
C105: Leona | D105: Ornn | E105: Shen | F105: ⚔ Cassiopeia | G105: 🏹 Fiddlesticks | H105: 🛡 Rammus | I105: Lillia | J105: Soraka
B106: ⚔ Chủ lực chính | D106: Cassiopeia | F106: Kiếm Súng Hextech | H106: Quyền Trượng Thiên Thần | J106: Bùa Xanh | K106: Rabadon thay Quyền Trượng; Ngọn Giáo Shojin thay Bùa Xanh · Tạo Tác: Đá Hắc Hóa
B107: 🏹 Chủ lực phụ | D107: Fiddlesticks | F107: Áo Choàng Lửa | H107: Nỏ Sét | J107: Giáp Tâm Linh | K107: Fiddlesticks hồi máu cho cả đội
B108: 🛡 Đỡ đòn chính | D108: Rammus | F108: Thú Tượng Thạch Giáp | H108: Vương Miện Hoàng Gia | J108: Áo Choàng Gai | K108: —
B109: ✨ Lõi nên chọn | D109: Thực Vật Hấp Thụ | F109: Hang Ổ Baron | H109: To Lớn & Mạnh Mẽ
B111: B | C111: #14 Mầm Non Quái Rừng | K111: Săn 3 sao 1 vàng (đổi tướng từ từ ở cấp 5) · Dễ
B112: ĐỘI HÌNH CUỐI | L112: ⚔ chủ lực chính · 🏹 chủ lực phụ · 🛡 đỡ đòn chính Màu ô tên = giá tướng (xám 1 · xanh lá 2 · xanh dương 3 · tím 4 · vàng 5) Tộc/Hệ: 7 Quái Rừng · 2 Đấu Sĩ · 2 Tàn Phá
C113: ⚔ Mầm Non | D113: 🛡 Quái Đá Krug | E113: 🏹 Sỏi | F113: Sói Hắc Ám | G113: Cua Kỳ Cục | H113: Bụi Gai Đỏ | I113: Người Đá | J113: Gnar
B114: ⚔ Chủ lực chính | D114: Mầm Non | F114: Vô Cực Kiếm | H114: Ngọn Giáo Shojin | J114: Cung Xanh | K114: Bùa Xanh thay Ngọn Giáo
B115: 🏹 Chủ lực phụ | D115: Sỏi | F115: Bùa Xanh | H115: Quyền Trượng Thiên Thần | J115: Găng Bảo Thạch | K115: Rabadon thay Quyền Trượng
B116: 🛡 Đỡ đòn chính | D116: Quái Đá Krug | F116: Thú Tượng Thạch Giáp | H116: Giáp Máu Warmog | J116: Áo Choàng Lửa | K116: Cua Kỳ Cục: Giáp Máu Warmog, Thú Tượng Thạch Giáp, Giáp Tâm Linh
...

Sheet TRỢ LÝ VÁN ĐẤU
B2: 🌿 TRỢ LÝ VÁN ĐẤU | L2: v1.8 · 06/10/2026
B3: Chọn tình huống hiện tại → biết ngay nên LÊN CẤP, ĐỔI TƯỚNG hay GIỮ VÀNG | L3: Bản 18.3b · 18.4 ra 07/10
B4: ◄ Về Trang Chủ
B6: ① Lối chơi | E6: Lên 8 nhanh (tướng 4 vàng) | J6: ="💡 Đội hình hợp với lối chơi này:"&CHAR(10)&INDEX(DATA!$DW$2:$DW$6,MATCH($E$6,DATA!$DV$2:$DV$6,0)) -> 💡 Đội hình hợp với lối chơi này: • [S] Đao Phủ Azir – Soraka & Zyra (Thực Vật) • [S] Nidalee & Aphelios Mặt Trăng • [S] Sivir & Nidalee Nguyên Sinh • [A] Ahri & Morgana Thuật Sĩ • [C] Cassiopeia Tiên Hắc Ám (Tà Thuật – ĐANG TẮT)
B7: ② Giai đoạn (vòng) | E7: 4-2
B8: ③ Chuỗi hiện tại | E8: Đang THẮNG liên tiếp
B9: ④ Máu hiện tại | E9: Từ 40 đến 70 máu
B10: ⑤ Vàng đang có | E10: 50
B12: KHUYẾN NGHỊ NGAY BÂY GIỜ
B13: CẤP MỤC TIÊU | E13: VÀNG MỤC TIÊU | H13: LÃI VÒNG TỚI | K13: CẦN THÊM ĐỂ LÊN MỐC LÃI
B14: =INDEX(DATA!$DO$2:$DO$61,MATCH($E$6&"|"&$E$7,DATA!$DN$2:$DN$61,0)) -> 8 | E14: =INDEX(DATA!$DP$2:$DP$61,MATCH($E$6&"|"&$E$7,DATA!$DN$2:$DN$61,0)) -> còn 10–20 sau khi đổi | H14: ="+"&MIN(5,INT($E$10/10))&" vàng" -> +5 vàng | K14: =IF($E$10>=50,"Đã tối đa (50+)","+"&(10-MOD($E$10,10))&" vàng") -> Đã tối đa (50+)
B16: 🎯 HÀNH ĐỘNG CHÍNH | E16: =INDEX(DATA!$DQ$2:$DQ$61,MATCH($E$6&"|"&$E$7,DATA!$DN$2:$DN$61,0)) -> MỐC ĐỔI TƯỚNG: lên 8 + Lõi 3 → dồn vàng tìm chủ lực & đỡ đòn 4 vàng 2 sao.
B17: 📍 Sự kiện vòng này | E17: =INDEX(DATA!$DS$2:$DS$61,MATCH($E$6&"|"&$E$7,DATA!$DN$2:$DN$61,0)) -> Chọn Lõi 3
B18: 🔥 Theo chuỗi | E18: =INDEX(DATA!$DZ$2:$DZ$4,MATCH($E$8,DATA!$DY$2:$DY$4,0)) -> Giữ chuỗi bằng cách lên cấp sớm hơn 1 mốc & mua Tinh Linh giao tranh rẻ. Chưa đổi tướng; dùng vàng thưởng chuỗi để lên cấp.
B19: ❤️ Theo máu | E19: =INDEX(DATA!$EB$2:$EB$4,MATCH($E$9,DATA!$EA$2:$EA$4,0)) -> Theo đúng lộ trình chuẩn. Thua 2 trận liên tiếp ở Giai đoạn 4 → đổi tướng cho ổn định.
B20: 💰 Kiểm tra vàng | E20: =IF($E$10<10,"Vàng rất thấp – ưu tiên tích lãi, không mua Tinh Linh mất phí.",IF($E$10<30,"Đang tích lũy – đừng để tụt mốc "&INT($E$10/10)*10&" vàng.",IF($E$10<50,"Gần tối đa lãi – cố giữ tới 50 trước khi đổi tướng (nếu máu cho phép).","Đủ 50+: chỉ dùng phần vàng TRÊN 50 để đổi tướng / mua Tinh Linh."))) -> Đủ 50+: chỉ dùng phần vàng TRÊN 50 để đổi tướng / mua Tinh Linh.
B22: TỈ LỆ RA TƯỚNG Ở CẤP MỤC TIÊU (mỗi ô cửa hàng)
B23: Cấp | D23: 1 vàng | F23: 2 vàng | H23: 3 vàng | J23: 4 vàng | L23: 5 vàng
B24: =INDEX(DATA!$DR$2:$DR$61,MATCH($E$6&"|"&$E$7,DATA!$DN$2:$DN$61,0)) -> 8 | D24: =INDEX(DATA!$EF$2:$EF$11,MATCH($B$24,DATA!$EE$2:$EE$11,0))/100 -> 0.15 | F24: =INDEX(DATA!$EG$2:$EG$11,MATCH($B$24,DATA!$EE$2:$EE$11,0))/100 -> 0.2 | H24: =INDEX(DATA!$EH$2:$EH$11,MATCH($B$24,DATA!$EE$2:$EE$11,0))/100 -> 0.32 | J24: =INDEX(DATA!$EI$2:$EI$11,MATCH($B$24,DATA!$EE$2:$EE$11,0))/100 -> 0.3 | L24: =INDEX(DATA!$EJ$2:$EJ$11,MATCH($B$24,DATA!$EE$2:$EE$11,0))/100 -> 0.03
B26: LỘ TRÌNH ĐẦY ĐỦ CỦA LỐI CHƠI ĐÃ CHỌN
B27: Vòng | C27: Cấp | E27: Vàng | G27: Việc cần làm
B28: 1-x | C28: =INDEX(DATA!$DO$2:$DO$61,MATCH($E$6&"|"&$B28,DATA!$DN$2:$DN$61,0)) -> 3 | E28: =INDEX(DATA!$DP$2:$DP$61,MATCH($E$6&"|"&$B28,DATA!$DN$2:$DN$61,0)) -> — | G28: =INDEX(DATA!$DQ$2:$DQ$61,MATCH($E$6&"|"&$B28,DATA!$DN$2:$DN$61,0)) -> Nhặt đồ theo hướng đội hình; mua cặp tướng; chưa đổi tướng.
B29: 2-1 | C29: =INDEX(DATA!$DO$2:$DO$61,MATCH($E$6&"|"&$B29,DATA!$DN$2:$DN$61,0)) -> 4 | E29: =INDEX(DATA!$DP$2:$DP$61,MATCH($E$6&"|"&$B29,DATA!$DN$2:$DN$61,0)) -> ≥ 10 sau khi lên | G29: =INDEX(DATA!$DQ$2:$DQ$61,MATCH($E$6&"|"&$B29,DATA!$DN$2:$DN$61,0)) -> Lên cấp 4 · Lõi 1 kinh tế/trang bị · Ghép sớm 1–2 món mạnh cho tướng tạm.
B30: 2-3 | C30: =INDEX(DATA!$DO$2:$DO$61,MATCH($E$6&"|"&$B30,DATA!$DN$2:$DN$61,0)) -> 4 | E30: =INDEX(DATA!$DP$2:$DP$61,MATCH($E$6&"|"&$B30,DATA!$DN$2:$DN$61,0)) -> 10–20 | G30: =INDEX(DATA!$DQ$2:$DQ$61,MATCH($E$6&"|"&$B30,DATA!$DN$2:$DN$61,0)) -> Giữ mốc lãi; mua Tinh Linh 0–1 vàng; bán tướng lẻ không có cặp.
B31: 2-5 | C31: =INDEX(DATA!$DO$2:$DO$61,MATCH($E$6&"|"&$B31,DATA!$DN$2:$DN$61,0)) -> 5 | E31: =INDEX(DATA!$DP$2:$DP$61,MATCH($E$6&"|"&$B31,DATA!$DN$2:$DN$61,0)) -> 20–30 | G31: =INDEX(DATA!$DQ$2:$DQ$61,MATCH($E$6&"|"&$B31,DATA!$DN$2:$DN$61,0)) -> Lên cấp 5 (chuỗi thắng: ở 2-5; chuỗi thua: có thể đã lên ở 2-3).
B32: 3-1 | C32: =INDEX(DATA!$DO$2:$DO$61,MATCH($E$6&"|"&$B32,DATA!$DN$2:$DN$61,0)) -> 6 | E32: =INDEX(DATA!$DP$2:$DP$61,MATCH($E$6&"|"&$B32,DATA!$DN$2:$DN$61,0)) -> 30 | G32: =INDEX(DATA!$DQ$2:$DQ$61,MATCH($E$6&"|"&$B32,DATA!$DN$2:$DN$61,0)) -> Lên cấp 6 · Giữ 3 tướng mạnh nhất có cặp; chưa đổi tướng.
B33: 3-2 | C33: =INDEX(DATA!$DO$2:$DO$61,MATCH($E$6&"|"&$B33,DATA!$DN$2:$DN$61,0)) -> 6 | E33: =INDEX(DATA!$DP$2:$DP$61,MATCH($E$6&"|"&$B33,DATA!$DN$2:$DN$61,0)) -> 30–40 | G33: =INDEX(DATA!$DQ$2:$DQ$61,MATCH($E$6&"|"&$B33,DATA!$DN$2:$DN$61,0)) -> Lõi 2 khớp hướng đội hình · Đang thua liên tục: lên 6 tại đây nếu chưa lên.
B34: 3-5 | C34: =INDEX(DATA!$DO$2:$DO$61,MATCH($E$6&"|"&$B34,DATA!$DN$2:$DN$61,0)) -> 7 | E34: =INDEX(DATA!$DP$2:$DP$61,MATCH($E$6&"|"&$B34,DATA!$DN$2:$DN$61,0)) -> 40–50 | G34: =INDEX(DATA!$DQ$2:$DQ$61,MATCH($E$6&"|"&$B34,DATA!$DN$2:$DN$61,0)) -> Lên cấp 7 sau băng chuyền · Chỉ đổi tướng nếu máu < 50.
B35: 4-1 | C35: =INDEX(DATA!$DO$2:$DO$61,MATCH($E$6&"|"&$B35,DATA!$DN$2:$DN$61,0)) -> 7 → 8 | E35: =INDEX(DATA!$DP$2:$DP$61,MATCH($E$6&"|"&$B35,DATA!$DN$2:$DN$61,0)) -> 50 | G35: =INDEX(DATA!$DQ$2:$DQ$61,MATCH($E$6&"|"&$B35,DATA!$DN$2:$DN$61,0)) -> Đang thua liên tục / máu thấp: lên 8 ngay và đổi tướng cho ổn.
B36: 4-2 | C36: =INDEX(DATA!$DO$2:$DO$61,MATCH($E$6&"|"&$B36,DATA!$DN$2:$DN$61,0)) -> 8 | E36: =INDEX(DATA!$DP$2:$DP$61,MATCH($E$6&"|"&$B36,DATA!$DN$2:$DN$61,0)) -> còn 10–20 sau khi đổi | G36: =INDEX(DATA!$DQ$2:$DQ$61,MATCH($E$6&"|"&$B36,DATA!$DN$2:$DN$61,0)) -> MỐC ĐỔI TƯỚNG: lên 8 + Lõi 3 → dồn vàng tìm chủ lực & đỡ đòn 4 vàng 2 sao.
B37: 4-5 | C37: =INDEX(DATA!$DO$2:$DO$61,MATCH($E$6&"|"&$B37,DATA!$DN$2:$DN$61,0)) -> 8 | E37: =INDEX(DATA!$DP$2:$DP$61,MATCH($E$6&"|"&$B37,DATA!$DN$2:$DN$61,0)) -> tích lại 50 | G37: =INDEX(DATA!$DQ$2:$DQ$61,MATCH($E$6&"|"&$B37,DATA!$DN$2:$DN$61,0)) -> Đội đã ổn: không đổi tướng, tích lại 50 vàng · Chưa ổn: đổi tướng nhẹ để giữ máu.
B38: 5-1 | C38: =INDEX(DATA!$DO$2:$DO$61,MATCH($E$6&"|"&$B38,DATA!$DN$2:$DN$61,0)) -> 8 → 9 | E38: =INDEX(DATA!$DP$2:$DP$61,MATCH($E$6&"|"&$B38,DATA!$DN$2:$DN$61,0)) -> 50+ | G38: =INDEX(DATA!$DQ$2:$DQ$61,MATCH($E$6&"|"&$B38,DATA!$DN$2:$DN$61,0)) -> Máu > 50 và đội ổn: chuẩn bị lên 9.
B39: 5-2+ | C39: =INDEX(DATA!$DO$2:$DO$61,MATCH($E$6&"|"&$B39,DATA!$DN$2:$DN$61,0)) -> 9 | E39: =INDEX(DATA!$DP$2:$DP$61,MATCH($E$6&"|"&$B39,DATA!$DN$2:$DN$61,0)) -> dồn vàng đổi tướng | G39: =INDEX(DATA!$DQ$2:$DQ$61,MATCH($E$6&"|"&$B39,DATA!$DN$2:$DN$61,0)) -> Lên 9 · đổi tướng tìm tướng 5 vàng / 4 vàng 2 sao · thay tướng yếu.

Sheet LÊN ĐỒ
B2: 🌿 LÊN ĐỒ & GHÉP TRANG BỊ | L2: v1.8 · 06/10/2026
B3: Chọn 2 mảnh đồ → biết ngay món ghép ra, ai dùng, và đội hình nào hợp | L3: Bản 18.3b · 18.4 ra 07/10
B4: ◄ Về Trang Chủ
B6: ① Mảnh đồ thứ 1 | E6: Kiếm BF | J6: KẾT QUẢ GHÉP
B7: ② Mảnh đồ thứ 2 | E7: Găng Đấu Tập | J7: =INDEX(DATA!$BQ$2:$BY$10,MATCH($E$6,DATA!$BN$2:$BN$10,0),MATCH($E$7,DATA!$BN$2:$BN$10,0)) -> Vô Cực Kiếm
B10: Công thức ghép | E10: =INDEX(DATA!$BG$2:$BG$46,MATCH($J$7,DATA!$BF$2:$BF$46,0)) -> Kiếm BF + Găng Đấu Tập
B11: Dành cho | E11: =INDEX(DATA!$BH$2:$BH$46,MATCH($J$7,DATA!$BF$2:$BF$46,0)) -> Chủ lực vật lý
B12: Tác dụng | E12: =INDEX(DATA!$BI$2:$BI$46,MATCH($J$7,DATA!$BF$2:$BF$46,0)) -> Tỉ Lệ Chí Mạng + sát thương chí mạng; kỹ năng có thể chí mạng.
B13: Tướng nên cầm | E13: =INDEX(DATA!$BJ$2:$BJ$46,MATCH($J$7,DATA!$BF$2:$BF$46,0)) -> Nidalee, Sivir, Aphelios, Rồng Ngàn Tuổi, Kog'Maw
B15: ĐỒ KHỞI ĐẦU → NÊN ĐI HƯỚNG ĐỘI HÌNH NÀO?
B16: ③ Mảnh đồ bạn có nhiều nhất | E16: Gậy Quá Khổ | J16: ="Chỉ số: "&INDEX(DATA!$BO$2:$BO$10,MATCH($E$16,DATA!$BN$2:$BN$10,0)) -> Chỉ số: + SMPT (Sức Mạnh Phép Thuật)
B17: =INDEX(DATA!$CA$2:$CA$10,MATCH($E$16,DATA!$BN$2:$BN$10,0)) -> • Đao Phủ Azir – Soraka & Zyra (Thực Vật) [S] → Găng Bảo Thạch, Mũ Phù Thủy Rabadon • Nidalee & Aphelios Mặt Trăng [S] → Cuồng Đao Guinsoo • Kha'Zix Khắc Tinh (Thần Rừng Đao Phủ) [A] → Mũ Phù Thủy Rabadon, Cuồng Đao Guinsoo • Ahri & Morgana Thuật Sĩ [A] → Găng Bảo Thạch, Quỷ Thư Morello, Mũ Phù Thủy Rabadon • Ashe Hoa Linh Lên 9 [A] → Găng Bảo Thạch • Draven Lên 9 (Thần Rừng Đao Phủ) [A] → Cuồng Đao Guinsoo • Caitlyn Dũng Sĩ Thợ Săn [B] → Cuồng Đao Guinsoo
B23: BẢNG GHÉP ĐỒ 9 × 9 (ô vàng = cặp mảnh đồ bạn đang chọn)
B24: ＋ | C24: Kiếm BF | D24: Cung Gỗ | E24: Gậy | F24: Nước Mắt | G24: Giáp Lưới | H24: Áo Choàng | I24: Đai | J24: Găng | K24: Xẻng | L24: Chỉ số của mảnh đồ
B25: Kiếm BF | C25: Kiếm Tử Thần | D25: Diệt Khổng Lồ | E25: Kiếm Súng Hextech | F25: Ngọn Giáo Shojin | G25: Áo Choàng Bóng Tối | H25: Huyết Kiếm | I25: Móng Vuốt Sterak | J25: Vô Cực Kiếm | K25: Ấn tộc/hệ | L25: Kiếm BF → + SMCK (Sức Mạnh Công Kích)
B26: Cung Gỗ | C26: Diệt Khổng Lồ | D26: Bùa Đỏ | E26: Cuồng Đao Guinsoo | F26: Trượng Hư Vô | G26: Quyền Năng Khổng Lồ | H26: Thịnh Nộ Thủy Quái | I26: Nanh Nashor | J26: Cung Xanh | K26: Ấn tộc/hệ | L26: Cung Gỗ → + Tốc Độ Đánh
B27: Gậy | C27: Kiếm Súng Hextech | D27: Cuồng Đao Guinsoo | E27: Mũ Phù Thủy Rabadon | F27: Quyền Trượng Thiên Thần | G27: Vương Miện Hoàng Gia | H27: Nỏ Sét | I27: Quỷ Thư Morello | J27: Găng Bảo Thạch | K27: Ấn tộc/hệ | L27: Gậy Quá Khổ → + SMPT (Sức Mạnh Phép Thuật)
B28: Nước Mắt | C28: Ngọn Giáo Shojin | D28: Trượng Hư Vô | E28: Quyền Trượng Thiên Thần | F28: Bùa Xanh | G28: Lời Thề Hộ Vệ | H28: Mũ Thích Nghi | I28: Giáp Tâm Linh | J28: Bàn Tay Công Lý | K28: Ấn tộc/hệ | L28: Nước Mắt Nữ Thần → + Năng Lượng
B29: Giáp Lưới | C29: Áo Choàng Bóng Tối | D29: Quyền Năng Khổng Lồ | E29: Vương Miện Hoàng Gia | F29: Lời Thề Hộ Vệ | G29: Áo Choàng Gai | H29: Thú Tượng Thạch Giáp | I29: Áo Choàng Lửa | J29: Trái Tim Kiên Định | K29: Ấn tộc/hệ | L29: Giáp Lưới → + Giáp
B30: Áo Choàng | C30: Huyết Kiếm | D30: Thịnh Nộ Thủy Quái | E30: Nỏ Sét | F30: Mũ Thích Nghi | G30: Thú Tượng Thạch Giáp | H30: Vuốt Rồng | I30: Giáp Vai Nguyệt Thần | J30: Áo Choàng Thủy Ngân | K30: Ấn tộc/hệ | L30: Áo Choàng Bạc → + Kháng Phép
B31: Đai | C31: Móng Vuốt Sterak | D31: Nanh Nashor | E31: Quỷ Thư Morello | F31: Giáp Tâm Linh | G31: Áo Choàng Lửa | H31: Giáp Vai Nguyệt Thần | I31: Giáp Máu Warmog | J31: Chùy Đoản Côn | K31: Ấn tộc/hệ | L31: Đai Khổng Lồ → + Máu
B32: Găng | C32: Vô Cực Kiếm | D32: Cung Xanh | E32: Găng Bảo Thạch | F32: Bàn Tay Công Lý | G32: Trái Tim Kiên Định | H32: Áo Choàng Thủy Ngân | I32: Chùy Đoản Côn | J32: Găng Đạo Tặc | K32: Ấn tộc/hệ | L32: Găng Đấu Tập → + Tỉ Lệ Chí Mạng
B33: Xẻng | C33: Ấn tộc/hệ | D33: Ấn tộc/hệ | E33: Ấn tộc/hệ | F33: Ấn tộc/hệ | G33: Ấn tộc/hệ | H33: Ấn tộc/hệ | I33: Ấn tộc/hệ | J33: Ấn tộc/hệ | K33: Vương Miện Chiến Thuật | L33: Xẻng Vàng → Dùng để ghép Ấn tộc/hệ
B35: TẠO TÁC · ĐỒ ÁNH SÁNG · ĐỒ ĐẶC BIỆT NỔI BẬT (18.3b)
B36: Hình | C36: Tên | E36: Loại | G36: Tướng hợp nhất | K36: Ghi chú
C37: Đại Bác Hải Tặc | E37: Tạo Tác (Ornn) | G37: Aphelios, Nidalee, Yunara | K37: Kết liễu kẻ dưới 12% Máu, hạ gục có thể rơi vàng. ⚠ 18.3: giảm SMCK (40% → 35%) nhưng vẫn rất mạnh
C38: Kiếm Tai Ương | E38: Tạo Tác (Ornn) | G38: Kha'Zix, Akali, Veigar | K38: Đồ chuẩn số 1 của Kha'Zix (18.3: Kha'Zix là đội mạnh nhất); Akali dạng phép có món này gần như chắc thắng
C39: Đá Hắc Hóa | E39: Tạo Tác (Ornn) | G39: Morgana, Cassiopeia, Aphelios | K39: Chủ lực phép xuyên kháng
C40: Lõi Bình Minh | E40: Tạo Tác (Ornn) | G40: Veigar, Soraka, Yunara, Cassiopeia | K40: Chủ lực tung chiêu
C41: Khế Ước Vĩnh Hằng | E41: Tạo Tác (Ornn) | G41: Ahri, Veigar, Cassiopeia | K41: Đồ chuẩn của Ahri
C42: Chùy Bạch Ngân | E42: Tạo Tác (Ornn) | G42: Nidalee | K42: Miễn choáng, đòn đánh gây choáng – đồ chuẩn Nidalee
C43: Đao Chớp | E43: Tạo Tác (Ornn) | G43: Tristana, Caitlyn, Kayle | K43: Chủ lực đánh thường
C44: Đao Tím / Rìu Hỏa Ngục | E44: Tạo Tác (Ornn) | G44: Master Yi, Kayle | K44: Chủ lực cận chiến / đánh thường
C45: Giáp Tay Seeker | E45: Tạo Tác (Ornn) | G45: Kha'Zix, Kayle | K45: Chủ lực phép
C46: Huy Hiệu Thánh Khiên / Khiên Hừng Đông | E46: Tạo Tác phòng thủ | G46: Malphite, đỡ đòn chính | K46: Đẩy Sivir & Nidalee lên hạng S
C47: Thực Vật Hấp Thụ | E47: Lõi đặc biệt | G47: Veigar săn 3 sao | K47: Điều kiện bắt buộc cho đội Veigar (từ 18.2 chỉ 1 người/phòng)
C48: Trang bị Ánh Sáng | E48: Đồ nâng cấp | G48: Chủ lực đã đủ đồ | K48: Cuồng Đao Ánh Sáng (Rengar), Ngọn Giáo/Bùa Xanh Ánh Sáng (Yunara, Quái Rừng), Bùa Đỏ Ánh Sáng (Ashe)
B50: NGUYÊN TẮC LÊN ĐỒ CỦA THÁCH ĐẤU
B51: 1. Ghép đồ sớm ở Giai đoạn 2 để giữ chuỗi – một món mạnh bây giờ giá trị hơn món hoàn hảo ở Giai đoạn 4.
B52: 2. Ưu tiên đồ ĐỠ ĐÒN linh hoạt (Thú Tượng Thạch Giáp, Giáp Máu Warmog, Lời Thề Hộ Vệ, Áo Choàng Lửa): đỡ đòn nào cũng dùng được.
B53: 3. Chủ lực đánh thường cần Cuồng Đao Guinsoo / Thịnh Nộ Thủy Quái; chủ lực tung chiêu cần Ngọn Giáo Shojin / Bùa Xanh / Găng Bảo Thạch.
B54: 4. Mỗi đội cần ít nhất 1 nguồn Vết Thương (Bùa Đỏ / Quỷ Thư Morello / Áo Choàng Lửa) và 1 nguồn giảm Giáp/Kháng Phép (Cung Xanh / Trượng Hư Vô / Nỏ Sét) – trừ khi đội đã có sẵn (Kog'Maw, Hỏa Ngục).
B55: 5. Đồ nằm sai tướng → dùng công cụ đổi đồ / Tinh Linh sửa đồ; chuyển đồ sang tướng đã lên 2 sao.
B56: 6. Găng Đạo Tặc: rất tốt cho tướng tạm ở Giai đoạn 2–3 khi chưa chốt đội hình.
B58: THƯ VIỆN HÌNH TRANG BỊ – NHÌN HÌNH ĐỂ NHẬN BIẾT
B59: Hình | C59: Mảnh đồ | E59: Chỉ số
C60: Kiếm BF | E60: + SMCK (Sức Mạnh Công Kích)
C61: Cung Gỗ | E61: + Tốc Độ Đánh
C62: Gậy Quá Khổ | E62: + SMPT (Sức Mạnh Phép Thuật)
C63: Nước Mắt Nữ Thần | E63: + Năng Lượng
C64: Giáp Lưới | E64: + Giáp
C65: Áo Choàng Bạc | E65: + Kháng Phép
C66: Đai Khổng Lồ | E66: + Máu
C67: Găng Đấu Tập | E67: + Tỉ Lệ Chí Mạng
C68: Xẻng Vàng | E68: Dùng để ghép Ấn tộc/hệ
B70: Hình | C70: Trang bị | E70: Mảnh 1 | F70: Mảnh 2 | G70: Công thức | I70: Dành cho | J70: Tác dụng | L70: Tướng nên cầm
C71: Bùa Đỏ | G71: Cung Gỗ + Cung Gỗ | I71: Chủ lực | J71: Tốc Độ Đánh + gây Thiêu Đốt & Vết Thương (giảm hồi máu). | L71: Ashe, Kog'Maw, Aphelios, Sivir
C72: Chùy Đoản Côn | G72: Đai Khổng Lồ + Găng Đấu Tập | I72: Chủ lực | J72: Máu + Tỉ Lệ Chí Mạng; mỗi lần chí mạng cộng dồn Khuếch Đại Sát Thương. | L72: Ahri, Sivir, Rồng Ngàn Tuổi
C73: Diệt Khổng Lồ | G73: Kiếm BF + Cung Gỗ | I73: Chủ lực | J73: Gây thêm sát thương lên mục tiêu nhiều Máu – tốt khi gặp đội nhiều đỡ đòn. | L73: Tristana, Caitlyn, Draven
C74: Huyết Kiếm | G74: Kiếm BF + Áo Choàng Bạc | I74: Chủ lực | J74: Hút Máu Toàn Phần + lá chắn khi Máu thấp (18.2: được tăng sức mạnh). | L74: Rengar (bản Thợ Săn), chủ lực vật lý cần trụ
C75: Mũ Thích Nghi | G75: Nước Mắt Nữ Thần + Áo Choàng Bạc | I75: Chủ lực / Đỡ đòn | J75: Nhận chỉ số khác nhau tuỳ đứng hàng trước hay hàng sau. | L75: Morgana, Soraka
C76: Móng Vuốt Sterak | G76: Kiếm BF + Đai Khổng Lồ | I76: Chủ lực cận chiến | J76: Máu + SMCK, nhận thêm lá chắn/SMCK khi Máu thấp. | L76: Nidalee, Camille, Warwick, Rengar
C77: Quyền Năng Khổng Lồ | G77: Cung Gỗ + Giáp Lưới | I77: Chủ lực cận chiến | J77: Đánh/bị đánh cộng dồn SMCK và SMPT; đầy cộng dồn nhận Khuếch Đại Sát Thương + miễn khống chế. | L77: Rengar, Master Yi
C78: Áo Choàng Bóng Tối | G78: Kiếm BF + Giáp Lưới | I78: Chủ lực cận chiến | J78: Khi Máu thấp (18.2: dưới 40%) tàng hình ngắn + tăng Tốc Độ Đánh. | L78: Akali, Master Yi, Rengar, Kha'Zix, Bụi Gai Đỏ
C79: Áo Choàng Thủy Ngân | G79: Áo Choàng Bạc + Găng Đấu Tập | I79: Chủ lực cận chiến | J79: Miễn khống chế đầu trận + Tốc Độ Đánh. | L79: Bụi Gai Đỏ, Camille, Master Yi (dạng vật lý)
C80: Bàn Tay Công Lý | G80: Nước Mắt Nữ Thần + Găng Đấu Tập | I80: Chủ lực lai | J80: SMCK + SMPT + Hút Máu Toàn Phần (18.2: được tăng sức mạnh). | L80: Akali, Kha'Zix, Rồng Ngàn Tuổi, Nidalee
C81: Kiếm Súng Hextech | G81: Kiếm BF + Gậy Quá Khổ | I81: Chủ lực lai | J81: Hút Máu Toàn Phần, hồi máu cho đồng minh yếu nhất. | L81: Cassiopeia, Aphelios
C82: Găng Bảo Thạch | G82: Gậy Quá Khổ + Găng Đấu Tập | I82: Chủ lực phép | J82: Kỹ năng có thể chí mạng. | L82: Ahri, Soraka, Zyra, Veigar, Akali, Kayle, Nidalee (dạng phép)
... C107: Áo Choàng Lửa | G107: Giáp Lưới + Đai Khổng Lồ | I107: Đỡ đòn tiện ích | J107: Thiêu Đốt + Vết Thương lan ra xung quanh. | L107: Người Đá, Rek'Sai, Rammus, Fiddlesticks

Sheet XẾP HẠNG ĐỘI HÌNH
B2: 🌿 XẾP HẠNG ĐỘI HÌNH · BẢN 18.3b | J2: v1.8 · 06/10/2026
B3: Tổng hợp từ nhiều trang thống kê uy tín — bấm nút ▼ ở dòng tiêu đề để lọc · Mùa 18 · Đại Ngàn Kỳ Bí · Bản vá 18.3b (đang chạy) · 18.4 ra 07/10/2026
B4: ◄ Về Trang Chủ
B6: ="S: "&COUNTIF($C$9:$C$27,"S")&" đội" -> S: 3 đội | D6: ="A: "&COUNTIF($C$9:$C$27,"A")&" đội" -> A: 5 đội | E6: ="B: "&COUNTIF($C$9:$C$27,"B")&" đội" -> B: 7 đội | G6: ="C: "&COUNTIF($C$9:$C$27,"C")&" đội" -> C: 4 đội | I6: Hạng có thể tăng 1–2 bậc khi có lõi/Ấn/Tạo Tác phù hợp
B8: # | C8: Hạng | D8: Hình | E8: Đội hình | F8: Lối chơi | G8: Độ khó | H8: Chủ lực chính | I8: Chủ lực phụ | J8: Đỡ đòn chính | K8: Tộc / Hệ | L8: Khi nào nên chơi
B9: 1 | C9: S | E9: Đao Phủ Azir – Soraka & Zyra (Thực Vật) | F9: Lên 8 nhanh | G9: Trung bình | H9: Soraka | I9: Zyra | J9: Rammus | K9: 4 Đao Phủ (có Ấn) · 3 Tinh Nghịch · 2 Thực Vật · 2 Triệu Hồi · 2 Gai Đen · 2 Thuật Sư · 2 Vệ Quân · Vườn Gai | L9: Có đồ phép + Găng; ít đội phép khác trong phòng. ⚠ 18.4 (07/10): Đao Phủ chảy máu giảm nhẹ (40% → 35%) – vẫn rất mạnh.
B10: 2 | C10: S | E10: Nidalee & Aphelios Mặt Trăng | F10: Lên 8 nhanh | G10: Trung bình | H10: Aphelios | I10: Nidalee | J10: Amumu | K10: 2 Mặt Trăng · 2 Liên Kích · 2 Nguyên Sinh · 2 Thích Ứng · 2 Dũng Sĩ · 2 Tiên Phong · 2 Hỏa Ngục · Ăn Mòn | L10: Có nhiều Kiếm BF/Găng; có Tạo Tác Đại Bác Hải Tặc; không ai tranh Nidalee.
B11: 3 | C11: S | E11: Sivir & Nidalee Nguyên Sinh | F11: Lên 8 nhanh | G11: Trung bình | H11: Sivir | I11: Nidalee | J11: Malphite | K11: 3 Thợ Săn · 3 Quái Rừng · 2 Nguyên Sinh · 2 Thích Ứng · 2 Gai Đen · 2 Đấu Sĩ · 2 Thuật Sĩ · Cự Thạch | L11: Nhiều Kiếm BF; có Ấn Thợ Săn/Nguyên Sinh; ít người chơi Nidalee.
B12: 4 | C12: A | E12: Kha'Zix Khắc Tinh (Thần Rừng Đao Phủ) | F12: Săn 3 sao 3 vàng (đổi tướng ở cấp 7) | G12: Trung bình | H12: Kha'Zix | I12: Aphelios | J12: Hecarim | K12: 3 Đao Phủ · 3 Thần Rừng · 2 Thực Vật · 2 Vệ Quân · 2 Mặt Trăng · Khắc Tinh | L12: Gặp Kha'Zix sớm (2-1 → 2-3) hoặc nhận Kha'Zix từ quả cầu; có Áo Choàng Bóng Tối.
B13: 5 | C13: A | E13: Ahri & Morgana Thuật Sĩ | F13: Lên 8 nhanh | G13: Trung bình | H13: Ahri | I13: Morgana | J13: Người Đá | K13: 3 Thuật Sĩ · 3 Hoa Linh · 3 Quái Rừng · 2 Thuật Sư · 2 Đấu Sĩ · 2 Tiên Phong | L13: Đầu game nhận nhiều Gậy/Nước Mắt; có Ấn Thuật Sĩ; trong phòng ít người chơi đội phép.
B14: 6 | C14: A | E14: Ashe Hoa Linh Lên 9 | F14: Lên 9 nhanh | G14: Khó | H14: Ashe | I14: Ahri | J14: Sett | K14: 5 Hoa Linh · 2 Thuật Sư · 2 Đấu Sĩ · 2 Dũng Sĩ · Tiên Phong | L14: Có Tiếng Gọi Hoa Linh / Tinh Linh Hoàn Tiền; nhiều Nước Mắt + Gậy; máu cao.
B15: 7 | C15: A | E15: Rồng Ngàn Tuổi Quái Rừng | F15: Lên 9 nhanh | G15: Khó | H15: Rồng Ngàn Tuổi | I15: Bụi Gai Đỏ | J15: Người Đá | K15: 7 Quái Rừng · Bá Chủ · 2 Tàn Phá · 2 Đấu Sĩ · 2 Tiên Phong · 2 Thuật Sĩ | L15: Có lõi kinh tế/kinh nghiệm, máu cao ở Giai đoạn 4; ít người cùng lên 9.
B16: 8 | C16: A | E16: Draven Lên 9 (Thần Rừng Đao Phủ) | F16: Lên 9 nhanh | G16: Khó | H16: Draven | I16: Ezreal | J16: Maokai | K16: 3 Thần Rừng · 2 Đao Phủ · 2 Đấu Sĩ · 2 Dũng Sĩ · 2 Hỏa Ngục · Săn Thưởng · Cổ Thụ · Thụ Thần · Lục Bảo | L16: Có lõi KINH TẾ hoặc chuỗi thắng dài; máu > 60 ở Giai đoạn 4. Không có lõi kinh tế thì gần như không lên 9 kịp.
B17: 9 | C17: B | E17: Caitlyn Dũng Sĩ Thợ Săn | F17: Săn 3 sao 2 vàng (đổi tướng từ từ ở cấp 6) | G17: Dễ | H17: Caitlyn | I17: Sivir | J17: Cua Kỳ Cục | K17: 4 Dũng Sĩ · 4 Thợ Săn · 2 Nguyên Sinh · 2 Tiên Linh | L17: Có Cuồng Đao + Thịnh Nộ Thủy Quái sớm; có từ 3 Caitlyn ở Giai đoạn 2.
B18: 10 | C18: B | E18: Veigar Thực Vật Hấp Thụ (Tinh Nghịch) | F18: Săn 3 sao 1 vàng (đổi tướng từ từ ở cấp 5) | G18: Dễ | H18: Veigar | I18: Teemo | J18: Rek'Sai | K18: 5 Tinh Nghịch · 4 Đấu Sĩ · 2 Thuật Sư · 2 Gai Đen · 2 Vệ Quân · Thực Vật | L18: CHỈ chơi khi có Thực Vật Hấp Thụ hoặc sớm có Veigar 3 sao.
B19: 11 | C19: B | E19: Yunara Mặt Trời (săn 3 sao) | F19: Săn 3 sao 2 vàng | G19: Trung bình | H19: Yunara | I19: Kayle | J19: Sejuani | K19: 3 Mặt Trời · 3 Hoa Linh · 2 Đao Phủ · 2 Dũng Sĩ · 2 Thuật Sư · Triệu Hồi | L19: Nhặt được nhiều Yunara sớm; có Tạo Tác cho Yunara.
B20: 12 | C20: B | E20: Azir Triệu Hồi (săn 3 sao) | F20: Săn 3 sao 3 vàng (đổi tướng ở cấp 7) | G20: Trung bình | H20: Azir | I20: Zyra | J20: Vi | K20: 3 Triệu Hồi · 3 Đao Phủ · 2 Hoa Linh · 2 Gai Đen · 2 Đấu Sĩ · 2 Dũng Sĩ | L20: Gặp nhiều Azir từ Giai đoạn 2; có Gậy Quá Khổ sớm.
... B27: 19 | C27: C | E27: Cassiopeia Tiên Hắc Ám (Tà Thuật – ĐANG TẮT) | F27: Lên 8 nhanh | G27: Trung bình | H27: Cassiopeia | I27: Morgana | J27: Người Đá | K27: 3 Tiên Hắc Ám · 2 Thuật Sư · 2 Tiên Phong · 2 Mặt Trăng · 2 Thần Rừng · Thụ Thần · Hòa Hợp | L27: ⛔ 18.3b: lõi Tà Thuật đang bị tắt nên chưa chơi được. Khi bật lại: nhận ở 2-1 hoặc 3-2 thì ép luôn.
B29: Mẹo: bấm tên đội hình để xem HÌNH ẢNH đội hình (tướng + đồ + lõi); muốn xem lộ trình chi tiết thì mở trang CHỌN ĐỘI HÌNH. Xếp hạng tổng hợp ngày 06/10/2026 – đội mạnh sẽ thay đổi sau mỗi phiên bản (~2 tuần).

Sheet MÁY CHỦ VN - TRUNG - HÀN
B2: 🌿 SỐ LIỆU VN · TRUNG · HÀN | G2: v1.8 · 06/10/2026
B3: OP.GG lọc riêng máy chủ Việt Nam (18.3b, 06/10) + TopMeta Trung Quốc (18.3b) + OP.GG Hàn/quốc tế, kèm cách build từng bước · Mùa 18 · Đại Ngàn Kỳ Bí · Bản vá 18.3b (đang chạy) · 18.4 ra 07/10/2026
B4: ◄ Về Trang Chủ
B6: ★ MÁY CHỦ VIỆT NAM (VN) – OP.GG, bản 18.3b, 589.544 ván / 24 giờ (06/10) – ĐỌC BẢNG NÀY TRƯỚC
B7: # | C7: Đội hình | D7: Bậc | E7: Hạng TB | F7: Top 4 | G7: Tỉ lệ chơi | H7: Tướng chính
B8: 1 | C8: Đao Phủ Azir (Thực Vật) | D8: S | E8: 2.69 | F8: 84,8% | G8: 1,15% | H8: Veigar, Teemo, Azir, Fiddlesticks, Rammus, Soraka, Zyra, Kennen
B9: 2 | C9: Dũng Sĩ Ashe | D9: S | E9: 2.77 | F9: 79,3% | G9: 0,54% | H9: Rakan, Vi, Amumu, Sivir, Ashe, Ivern, Kennen, Maokai, Taric
B10: 3 | C10: Thuật Sư Veigar | D10: S | E10: 3.09 | F10: 77,9% | G10: 0,65% | H10: Ornn, Rek'Sai, Veigar, Alistar, LeBlanc, Cassiopeia, Fiddlesticks, Ahri, Alune
B11: 4 | C11: Thần Rừng Kha'Zix | D11: A | E11: 3.09 | F11: 78,0% | G11: 0,33% | H11: Ornn, Diana, Fiddlesticks, Hecarim, Kha'Zix, Aphelios, Ezreal, Soraka
B12: 5 | C12: Dũng Sĩ Draven (Thần Rừng) | D12: A | E12: 3.17 | F12: 73,4% | G12: 1,26% | H12: Alistar, Amumu, Ezreal, Draven, Gnar, Ivern, Kennen, Maokai, Taric
B13: 6 | C13: Triệu Hồi Vi / Azir | D13: A | E13: 3.17 | F13: 77,3% | G13: 0,47% | H13: Rek'Sai, Yorick, Yunara, Azir, Kha'Zix, Vi, Sett, Zyra
B14: 7 | C14: Quái Rừng Maokai (Draven + Rồng) | D14: A | E14: 3.18 | F14: 71,9% | G14: 3,51% | H14: Amumu, Người Đá, Draven, Rồng Ngàn Tuổi, Ivern, Kennen, Maokai, Taric
B15: 8 | C15: Vệ Quân Cassiopeia | D15: B | E15: 3.50 | F15: 72,2% | G15: 0,39% | H15: Leona, Ornn, Shen, Cassiopeia, Fiddlesticks, Rammus, Lillia, Soraka
B16: 9 | C16: Tiên Phong Alune | D16: B | E16: 3.62 | F16: 65,2% | G16: 0,64% | H16: Elise, Cassiopeia, Diana, Morgana, Người Đá, Alune, Rồng Ngàn Tuổi, Taric
B17: 10 | C17: Mặt Trăng Nidalee | D17: B | E17: 3.94 | F17: 63,1% | G17: 3,87% | H17: Varus, Diana, Kog'Maw, Vi, Amumu, Aphelios, Nidalee, Người Đá
B18: 11 | C18: Dũng Sĩ Zyra | D18: C | E18: 4.22 | F18: 54,7% | G18: 2,08% | H18: Yorick, Cua Kỳ Cục, Sejuani, Vi, Amumu, Sivir, Zyra, Ashe, Maokai
B19: 12 | C19: Hoa Linh Ahri (Thuật Sĩ) | D19: C | E19: 4.25 | F19: 55,0% | G19: 1,24% | H19: Karma, Sỏi, Quái Đá Krug, Ahri, Morgana, Người Đá, Sett, Taric
B20: 13 | C20: Đao Phủ Malphite | D20: C | E20: 4.29 | F20: 55,1% | G20: 1,17% | H20: Yorick, Azir, Fiddlesticks, Amumu, Malphite, Soraka, Zyra, Kennen
B22: Nguồn: OP.GG lọc riêng MÁY CHỦ VIỆT NAM (VN), bản 18.3b, 589.544 ván trong 24 giờ (cập nhật 06/10/2026). Đây là số liệu sát với phòng bạn đánh nhất – nên ưu tiên đọc bảng này trước, hai bảng Trung Quốc và Hàn/quốc tế chỉ để tham khảo xu hướng. GỢI Ý NHANH CHO MÁY CHỦ VIỆT NAM (06/10): (1) Đao Phủ Azir – chính là đội Azir + Rammus + Teemo + Fiddlesticks + Veigar + Zyra + Soraka bạn hay đánh: hạng TB 2.69, top 4 84,8% – TỐT NHẤT VN; 18.4 chỉ giảm nhẹ Đao Phủ. (2) Thuật Sư Veigar 3.09 / 77,9% – không bị đụng ở 18.4 → nên tập thêm. (3) Dũng Sĩ Ashe 2.77 đang rất tốt nhưng 18.4 bị giảm (Ashe + Maokai + Dũng Sĩ). (4) Tránh: Mặt Trăng Nidalee (3,87% người chơi, chỉ 3.94), Dũng Sĩ Zyra, Hoa Linh Ahri, Đao Phủ Malphite – đông người mà hạng thấp.
B28: SO SÁNH VIỆT NAM – TRUNG QUỐC – HÀN QUỐC (hạng TB & tỉ lệ chơi)
B29: Đội hình | D29: VIỆT NAM | F29: HÀN / QUỐC TẾ | H29: TRUNG QUỐC
B30: Thuật Sư Veigar | D30: 3.09 (0,65%) | F30: 3.08 (2,03%) | H30: 4.29 (14,7%)
B31: → Việt Nam & Hàn đều tốt, ít người chơi. Trung Quốc quá đông nên tụt hẳn – bài học: đội tốt mà đông người là hỏng.
B32: Triệu Hồi Vi / Azir | D32: 3.17 (0,47%) | F32: 2.97 (0,81%) | H32: —
B33: → Ở VN đã bớt người chơi (1,74% → 0,47%) → lại dễ ráp. Bản Azir Đao Phủ (Soraka, Zyra) còn tốt hơn: 2.69.
B34: Dũng Sĩ Ashe | D34: 2.77 (0,54%) | F34: 2.84–3.64 (1,72%) | H34: 4.24 (20,0%)
B35: → Đang tốt nhưng 18.4 bị giảm (Ashe, Maokai, Dũng Sĩ) → đừng ép sau 07/10.
B36: Vệ Quân Cassiopeia | D36: 3.50 (0,39%) | F36: 3.29 (1,00%) | H36: 4.30 (10,0%)
B37: → Ít bị tranh nhất ở VN; 18.4 chỉ giảm rất nhẹ.
B38: Dũng Sĩ Zyra | D38: 4.22 (2,08%) | F38: 2.94 (2,51%) | H38: —
B39: → Chênh lệch LỚN: ở Hàn rất mạnh nhưng ở VN lại kém – nhiều người chơi sai đồ/đội. Chỉ chơi khi thuộc bài.
B40: Draven (Dũng Sĩ / Quái Rừng) | D40: 3.17–3.18 (1,3% + 3,5%) | F40: 2.88–3.10 (2,1%) | H40: —
B41: → Nhánh bị tranh NHIỀU NHẤT VN, 18.4 lại giảm Maokai → hạn chế.
B43: Cách đọc: số trước là hạng trung bình (càng thấp càng tốt), số trong ngoặc là tỉ lệ người chơi (càng cao càng dễ bị tranh tướng).
B45: MÁY CHỦ TRUNG QUỐC – TopMeta, bản 18.3b
B46: # | C46: Đội hình | D46: Hạng TB | E46: Top 4 | F46: Tỉ lệ chơi | G46: Tướng chính
B47: 1 | C47: Alune Dũng Sĩ (Tiên Hắc Ám đổi quà) | D47: 3.95 | E47: 58,5% | F47: 22,6% | G47: Alune, Morgana, Taric, Cassiopeia, Diana, Elise
B48: 2 | C48: Ashe (Dũng Sĩ / Đao Phủ) | D48: 4.24 | E48: 53,1% | F48: 20,0% | G48: Ashe, Kennen, Maokai, Sivir, Amumu, Ivern, Taric, Rakan
B49: 3 | C49: Veigar Thuật Sư | D49: 4.29 | E49: 54,2% | F49: 14,7% | G49: Veigar, Cassiopeia, LeBlanc, Alistar, Ornn, Fiddlesticks, Rek'Sai
B50: 4 | C50: Cassiopeia Vệ Quân | D50: 4.30 | E50: 54,5% | F50: 10,0% | G50: Cassiopeia, Lillia, Fiddlesticks, Rammus, Shen, Ornn, Leona, Soraka
B51: 5 | C51: Aphelios Mặt Trăng | D51: 4.15 | E51: 58,8% | F51: 9,3% | G51: Aphelios, Nidalee, Amumu, Kog'Maw, Diana, Vi, Varus
B53: MÁY CHỦ HÀN / QUỐC TẾ – OP.GG (bản tiếng Hàn), bản 18.3, ~2,9 triệu ván / 24 giờ
B54: # | C54: Đội hình | D54: Hạng TB | E54: Top 4 | F54: Tỉ lệ chơi | G54: Tướng chính
B55: 1 | C55: Thần Rừng Kha'Zix | D55: 2.56 | E55: 82,0% | F55: 1,10% | G55: Kha'Zix, Diana, Fiddlesticks, Hecarim, Ezreal, Ornn, Soraka
B56: 2 | C56: Thần Rừng Draven | D56: 2.88 | E56: 77,4% | F56: 2,12% | G56: Draven, Alistar, Amumu, Maokai, Ezreal, Gnar, Taric
B57: 3 | C57: Dũng Sĩ Zyra | D57: 2.94 | E57: 79,7% | F57: 2,51% | G57: Zyra, Yorick, Cua Kỳ Cục, Rakan, Vi, Amumu, Maokai, Morgana, Alune
B58: 4 | C58: Triệu Hồi Vi / Azir | D58: 2.97 | E58: 80,0% | F58: 0,81% | G58: Rek'Sai, Yorick, Yunara, Azir, Kha'Zix, Vi, Sett, Zyra
B59: 5 | C59: Thích Ứng Rengar | D59: 3.01 | E59: 80,7% | F59: 0,54% | G59: Yorick, Cua Kỳ Cục, Rengar, Master Yi, Vi, Sett
B60: 6 | C60: Thuật Sư Veigar | D60: 3.08 | E60: 77,5% | F60: 2,03% | G60: Veigar, Rek'Sai, Ornn, LeBlanc, Alistar, Cassiopeia, Fiddlesticks, Soraka
B61: 7 | C61: Thợ Săn Ashe | D61: 3.09 | E61: 73,7% | F61: 0,38% | G61: Ashe, Vi, Sivir, Rồng Ngàn Tuổi, Maokai, Taric
B62: 8 | C62: Người Đá + Rồng Ngàn Tuổi | D62: 3.10 | E62: 73,2% | F62: 2,08% | G62: Người Đá, Draven, Rồng Ngàn Tuổi, Maokai, Amumu, Taric
B63: 9 | C63: Mặt Trời Yunara | D63: 3.18 | E63: 76,3% | F63: 0,28% | G63: Leona, Yorick, Karma, Sejuani, Yunara, Kayle
B64: 10 | C64: Cassiopeia Vệ Quân | D64: 3.29 | E64: 75,9% | F64: 1,00% | G64: Cassiopeia, Leona, Ornn, Shen, Rammus, Fiddlesticks, Lillia, Soraka
B65: 11 | C65: Tiên Phong Morgana | D65: 3.26 | E65: 71,5% | F65: 1,16% | G65: Morgana, Elise, Diana, Cassiopeia, Người Đá, Hecarim
B66: 12 | C66: Quái Rừng Sỏi | D66: 3.33 | E66: 73,2% | F66: 0,83% | G66: Sỏi, Sói Hắc Ám, Cua Kỳ Cục, Quái Đá Krug, Người Đá, Bụi Gai Đỏ
... B68: 14 | C68: Hoa Linh Sett | D68: 3.95 | E68: 59,7% | F68: 0,57% | G68: Yorick, Karma, Vi, Sett, Ahri, Ashe
B70: ⚠ Cỡ mẫu: các đội hình có tỉ lệ chơi rất thấp (dưới 0,3%) chỉ dựa trên vài trăm ván → số liệu dao động mạnh, đừng coi là chắc chắn. Số liệu Trung Quốc: TopMeta, bản 18.3b, cập nhật mỗi 30 phút. Số liệu Hàn/quốc tế: OP.GG bản tiếng Hàn, bản 18.3, ~2,9 triệu ván trong 24 giờ. LƯU Ý: cả hai trang đều KHÔNG cho lọc riêng máy chủ Hàn Quốc hay riêng bậc Thách Đấu (OP.GG ghi rõ 'toàn bộ máy chủ'), nên đây là đội hình được chơi nhiều & hiệu quả cao, không phải danh sách tài khoản tuyển thủ. Hạng TB thấp hơn = tốt hơn. Tỉ lệ chơi cao = dễ bị tranh tướng.
B74: CÁCH BUILD TỪNG BƯỚC – TỪ ĐẦU VÁN TỚI KHI ĐỦ ĐỘI HÌNH
B75: Triệu Hồi Azir / Vi | F75: Hàn: hạng TB 2.97 · top 4 80% · chỉ 0,81% người chơi
B76: 🔑 Điều kiện cần | D76: Không cần lõi đặc biệt. Chỉ cần gặp Azir sớm + 1 bộ đồ phép. Đây là đội ÍT BỊ TRANH nhất trong nhóm mạnh.
B77: Giai đoạn 1 (băng chuyền) | D77: Ưu tiên nhặt Gậy Quá Khổ hoặc Nước Mắt Nữ Thần.
B78: Giai đoạn 2 (2-1 → 2-7) | D78: Ra sân Yorick + Rek'Sai + Karma; mua mọi bản Azir gặp được. Ghép sớm Găng Bảo Thạch hoặc Ngọn Giáo Shojin cho tướng tạm.
B79: Giai đoạn 3 (3-1 → 3-7) | D79: Lên cấp 6 ở 3-1, cấp 7 ở 3-5. Ra sân Yorick + Azir + Zyra để bật 3 Triệu Hồi. Giữ vàng trên 50.
B80: Giai đoạn 4 (4-1 → 4-7) | D80: Đổi tướng ở cấp 7 tới khi Azir + Vi 3 sao. Đủ 3 sao rồi mới lên 8.
B81: Giai đoạn 5 (5-1 trở đi) | D81: Lên 8: thêm Sett, Kha'Zix hoặc Yunara. Lên 9 nếu máu trên 50.
B82: ✅ ĐỘI HÌNH ĐỦ | D82: Rek'Sai · Yorick · Yunara · Azir · Kha'Zix · Vi · Sett · Zyra
B84: ⚔ Đồ chủ lực: Azir | E84: Kiếm Súng Hextech | G84: Mũ Phù Thủy Rabadon | I84: Quyền Trượng Thiên Thần
B85: 🛡 Đồ đỡ đòn: Vi | E85: Thú Tượng Thạch Giáp | G85: Thú Tượng Thạch Giáp | I85: Giáp Máu Warmog
B86: 💡 Mẹo | D86: Giữ ĐỦ 3 Triệu Hồi (Azir + Yorick + Zyra) – thiếu 1 là quân triệu hồi yếu hẳn. Đặt 1 tướng dư lên ô hiến tế Gai Đen để buff Azir.
B88: Thuật Sư Veigar | F88: Hàn: 3.08 · top 4 77,5% · 2,03% · Trung Quốc: 14,7% người chơi
B89: 🔑 Điều kiện cần | D89: Không cần lõi đặc biệt; toàn tướng 1–3 vàng nên rất dễ ráp. Có Tạo Tác cho Veigar (Kiếm Tai Ương / Lõi Bình Minh) thì lên hẳn một bậc.
B90: Giai đoạn 1 | D90: Nhặt Nước Mắt Nữ Thần / Gậy Quá Khổ.
B91: Giai đoạn 2 | D91: Ra sân Veigar + Rek'Sai + Ornn, mua mọi bản Veigar và LeBlanc. Ghép Bùa Xanh + Găng Bảo Thạch cho Veigar ngay.
B92: Giai đoạn 3 | D92: Giữ cấp 5–6, tích đủ 50 vàng rồi đổi tướng phần vàng dư để tìm Veigar 3 sao.
B93: Giai đoạn 4 | D93: Veigar 3 sao xong thì lên 7: thêm Cassiopeia, Fiddlesticks, Alistar cho đủ 4 Thuật Sư.
B94: Giai đoạn 5 | D94: Lên 8: thêm Soraka hoặc Gnar. Dồn đồ phép dư cho Cassiopeia.
B95: ✅ ĐỘI HÌNH ĐỦ | D95: Veigar · Rek'Sai · Ornn · LeBlanc · Alistar · Cassiopeia · Fiddlesticks · Soraka
B97: ⚔ Đồ chủ lực: Veigar | E97: Găng Bảo Thạch | G97: Bùa Xanh | I97: Nanh Nashor
B98: 🛡 Đồ đỡ đòn: Rek'Sai | E98: Thú Tượng Thạch Giáp | G98: Áo Choàng Lửa | I98: Giáp Máu Warmog
B99: 💡 Mẹo | D99: ⚠ Veigar bị giảm ở 18.3 nhưng đội vẫn mạnh nhờ 4 Thuật Sư. Nếu Veigar mãi không 3 sao, chuyển đồ sang Cassiopeia.
B101: Cassiopeia Vệ Quân | F101: Hàn: 3.29 · top 4 75,9% · 1,00% · Trung Quốc: 10% người chơi
B102: 🔑 Điều kiện cần | D102: Không cần lõi. Cassiopeia hiện KHÔNG bị tranh vì đội Tà Thuật đã bị tắt. Cassiopeia và Rammus, Lillia đều vừa được buff ở 18.3.
B103: Giai đoạn 1 | D103: Nhặt Gậy Quá Khổ / Nước Mắt Nữ Thần.
B104: Giai đoạn 2 | D104: Mở đầu Vệ Quân: Leona, Ornn, Shen. Mua mọi bản Cassiopeia.
B105: Giai đoạn 3 | D105: Lên cấp 6 (3-1) rồi cấp 7 (3-5). Ra sân 4 Vệ Quân để giữ máu.
B106: Giai đoạn 4 | D106: Đổi tướng từ từ ở cấp 7 (phần vàng trên 50) tìm Cassiopeia + Rammus + Fiddlesticks 3 sao.
B107: Giai đoạn 5 | D107: Lên 8 thêm Lillia và Soraka cho đủ 6 Vệ Quân + 2 Thực Vật.
B108: ✅ ĐỘI HÌNH ĐỦ | D108: Cassiopeia · Leona · Ornn · Shen · Rammus · Fiddlesticks · Lillia · Soraka
B110: ⚔ Đồ chủ lực: Cassiopeia | E110: Kiếm Súng Hextech | G110: Quyền Trượng Thiên Thần | I110: Bùa Xanh
B111: 🛡 Đồ đỡ đòn: Rammus | E111: Thú Tượng Thạch Giáp | G111: Vương Miện Hoàng Gia | I111: Áo Choàng Gai
B112: 💡 Mẹo | D112: Đặt Fiddlesticks ngoài rìa, Rammus đứng SÁT BÊN để khiêu khích kéo địch – Fiddlesticks hồi máu lâu hơn.
B114: Dũng Sĩ Zyra | F114: Hàn: 2.94 · top 4 79,7% · 2,51% người chơi
B115: 🔑 Điều kiện cần | D115: Cần Ấn Dũng Sĩ hoặc Ấn Đao Phủ để đủ 6 Dũng Sĩ là mạnh nhất (không có vẫn chơi được với 4). Cần 1 bộ đồ phép cho Zyra.
B116: Giai đoạn 1 | D116: Nhặt Nước Mắt Nữ Thần + Gậy Quá Khổ.
B117: Giai đoạn 2 | D117: Mở đầu bằng Yorick, Kobuko, Rek'Sai; ghép Ngọn Giáo Shojin sớm.
B118: Giai đoạn 3 | D118: Lên 6 rồi 7, gom dần Dũng Sĩ: Yorick, Cua Kỳ Cục, Rakan, Vi.
B119: Giai đoạn 4 | D119: Lên 8 ở 4-2 và đổi tướng tìm Zyra + Amumu 2 sao. Ra sân đủ 6 Dũng Sĩ.
B120: Giai đoạn 5 | D120: Giữ 50 vàng rồi lên 9: thêm Maokai, Morgana hoặc Alune.
B121: ✅ ĐỘI HÌNH ĐỦ | D121: Cua Kỳ Cục · Yorick · Rakan · Maokai · Amumu · Vi · Morgana · Alune · Zyra
B123: ⚔ Đồ chủ lực: Zyra | E123: Ngọn Giáo Shojin | G123: Quyền Trượng Thiên Thần | I123: Găng Bảo Thạch
...

Sheet LÕI ĂN TOP 1
B2: 🌿 LÕI ĂN TOP 1 | H2: v1.8 · 06/10/2026
B3: Lõi nhận được ở 2-1 / 3-2 quyết định cả ván – lấy đúng lõi rồi ép đúng đội là cách ăn top 1 dễ nhất · Mùa 18 · Đại Ngàn Kỳ Bí · Bản vá 18.3b (đang chạy) · 18.4 ra 07/10/2026
B4: ◄ Về Trang Chủ
B6: NGUYÊN TẮC CHỌN LÕI ĐỂ ĂN TOP
B7: Thứ tự ưu tiên | E7: Lõi ĐỊNH HÌNH (ép đội hình) > lõi KINH TẾ > lõi chỉ số đơn thuần. Lõi định hình cho trần sức mạnh cao hơn hẳn.
B8: Lấy lõi định hình ở 2-1 | E8: Nhận được thì ÉP luôn đội đó, kể cả khi chưa có tướng/đồ phù hợp – cả ván sau đó phục vụ lõi này.
B9: Đừng lấy 2 lõi định hình khác hướng | E9: Ví dụ đã lấy Tà Thuật thì ở 3-2 chọn lõi kinh tế/trang bị hỗ trợ, không lấy lõi ép sang tộc khác.
B10: Lõi độc quyền | E10: Tà Thuật, Tín Đồ Tiên Hắc Ám, Thực Vật Hấp Thụ chỉ 1 người/phòng được chọn → không bị tranh tướng, rất đáng ép.
B11: Không có lõi định hình | E11: Lấy nhóm kinh tế ở 2-1, chơi linh hoạt, tới 3-2 mới chốt đội theo đồ đang có – vẫn top 4 đều.
B12: Máu thấp (< 40) | E12: Bỏ qua lõi kinh tế, chọn lõi giao tranh/trang bị dùng được NGAY để cầm máu, giữ top 4 trước đã.
B13: Mốc 4-2 | E13: Chỉ chọn lõi tăng sức mạnh ngay (giao tranh, Ấn, Tạo Tác). Lõi kinh tế lúc này gần như vô nghĩa trừ khi đang lên 9.
B15: DANH SÁCH LÕI QUYẾT ĐỊNH VÁN ĐẤU (bấm ▼ để lọc theo mức ưu tiên)
B16: Hình | C16: Lõi nâng cấp | E16: Mức ưu tiên | F16: Hay gặp ở | G16: Ép đội hình nào | I16: Làm gì ngay sau khi lấy | J16: Kỳ vọng
C17: Tà Thuật | E17: ⛔ ĐANG BỊ TẮT | F17: — | G17: Chưa chơi được ở bản 18.3b | I17: Riot đã TẠM TẮT lõi này ở bản vá 18.3b (24/09) vì lỗi → hiện không xuất hiện khi chọn lõi. Khi Riot bật lại (dự kiến bản 18.4), đây vẫn là lõi ép mạnh nhất: chốt đội Cassiopeia Tiên Hắc Ám, tích Tinh Chất rồi đổi ở mốc lớn. | J17: Tạm thời chuyển sang Tín Đồ Tiên Hắc Ám hoặc đội khác
C18: Tín Đồ Tiên Hắc Ám | E18: BẮT BUỘC ÉP | F18: 2-1 / 3-2 | G18: Cassiopeia Tiên Hắc Ám / Ahri & Morgana | I18: Lõi Tiên Hắc Ám duy nhất còn dùng được ở 18.3b. Nhặt Cassiopeia ở băng chuyền đầu, ra sân 3 Tiên Hắc Ám càng sớm càng tốt. Thua trận người chơi vẫn cho nhiều Tinh Chất → đầu game không cần cố thắng. Lên 8 khi còn trên 30 vàng rồi đổi tướng cho tới khi Cassiopeia + đỡ đòn 2 sao. | J18: Top 4 chắc, top 1 khi có thêm Tạo Tác cho Cassiopeia (chỉ 1 người/phòng nên không bị tranh)
C19: Thực Vật Hấp Thụ | E19: BẮT BUỘC ÉP | F19: 2-1 / 3-2 | G19: Veigar Thực Vật Hấp Thụ (Tinh Nghịch) | I19: Chốt đội Veigar ngay. Giữ cấp 5, mua mọi bản Veigar, đổi tướng từ từ phần vàng trên 50 tới khi Veigar 3 sao. Ưu tiên Găng Bảo Thạch + Bùa Xanh; có Tạo Tác Lõi Bình Minh hay Kiếm Tai Ương thì mạnh hơn nữa. | J19: Top 1 nếu Veigar 3 sao trước 4-2 – đội đang LÊN ở 18.3b
C20: Vương Miện Hắc Hóa | E20: BẮT BUỘC ÉP | F20: 2-1 (Kim Cương) | G20: Kayle Mặt Trời / mọi đội săn 3 sao | I20: Được thêm ô đội hình → ra sân nhiều tướng 3 sao hơn. Đi hướng săn 3 sao. Chấp nhận mất máu giai đoạn đầu, dồn vàng đổi tướng đúng mốc; về sau bàn cờ đông tướng sẽ áp đảo. | J20: Top 1 – nhưng dễ tụt máu nếu hit chậm
C21: Không Đối Thủ | E21: BẮT BUỘC ÉP | F21: 2-1 / 3-2 | G21: Kha'Zix & Rengar Khắc Tinh | I21: ⚠ 18.3b giảm sát thương Kha'Zix nên đội hạ nhiệt, nhưng lõi này vẫn rất mạnh. Cho phép ra sân CẢ Kha'Zix và Rengar. Mua cả hai từ 2-1, ghép Áo Choàng Bóng Tối sớm để sống sót, ưu tiên hạ gục liên tục cho Kha'Zix tiến hoá (mốc 8 / 30 / 60). | J21: Top 2 khi cả hai lên 3 sao
C22: Tôi Thăng Cấp Một Mình | E22: NÊN LẤY | F22: 3-2 / 4-2 | G22: Rengar gánh (Tristana & Rengar) | I22: Dồn toàn bộ đồ vật lý cho Rengar, đội còn lại chỉ cần đỡ đòn. Đổi tướng từ từ ở cấp 7 tới khi Rengar 3 sao, sau đó lên 8 thêm đỡ đòn 4 vàng. | J22: Top 4 (18.3b: nhóm đội này đang yếu đi)
C23: Quái Rừng Omega | E23: BẮT BUỘC ÉP | F23: 3-2 / 4-2 | G23: Mầm Non Quái Rừng / Rồng Ngàn Tuổi | I23: Đi thuần Quái Rừng. Đổi tướng ở cấp 7 tìm 3 sao Mầm Non/Sỏi/Quái Đá Krug; đặt Dấu Ấn Đầu Đàn lên đỡ đòn 3 sao. Đủ 7 Quái Rừng thì cả đội tăng chỉ số liên tục trong trận. | J23: Top 1 khi đủ 7 Quái Rừng + 2 tướng 3 sao
C24: Tiếng Gọi Hoa Linh | E24: NÊN LẤY (18.3 giảm) | F24: 2-1 / 3-2 | G24: Ashe Hoa Linh Lên 9 / Ahri Hoa Linh | I24: Giữ 3 Hoa Linh trên sân từ Giai đoạn 2 để Tinh Linh được nâng cấp. Mua Tinh Linh kinh tế, tham vàng, lên 8 rồi 9 sớm. Đồ ưu tiên: Ngọn Giáo Shojin + Găng Bảo Thạch. | J24: Top 4 – bản 18.3 cắt sức mạnh Tinh Linh nên không còn chắc top 1 như trước
C25: Tinh Linh Hoàn Tiền | E25: TỐT (18.3 giảm) | F25: 2-1 / 3-2 | G25: Ashe / Ahri Hoa Linh | I25: Mua Tinh Linh được hoàn vàng → mua gần như mọi Tinh Linh kinh tế mà không tụt mốc lãi, lên 9 trước cả phòng. | J25: Top 4; chỉ mạnh khi đi kèm Tiếng Gọi Hoa Linh
C26: Thăng Tiến Cuối Trận | E26: BẮT BUỘC ÉP (nếu định lên 9) | F26: 2-1 / 3-2 | G26: Draven Lên 9 / Ashe Hoa Linh Lên 9 | I26: Điều kiện gần như bắt buộc để lên cấp 9 nhanh. Tham kinh tế tối đa, không đổi tướng ở cấp 8, giữ trên 50 vàng, lên 9 ở 5-1 rồi mới dồn vàng tìm tướng 5 vàng. | J26: Top 1 nếu giữ được máu trên 50 tới Giai đoạn 5
C27: Quái Thú Bên Trong | E27: NÊN LẤY | F27: 3-2 / 4-2 | G27: Sivir & Nidalee Nguyên Sinh | I27: Tăng thẳng sức mạnh tộc Nguyên Sinh. Chọn Phúc Lành HỔ; dồn đồ vật lý cho Sivir/Nidalee; lên 8 ở 4-2 và đổi tướng tìm 2 sao. | J27: Top 2 – Sivir & Nidalee đang là nhóm mạnh nhất 18.3b
C28: Ấn Thuật Sĩ (lõi cho Ấn) | E28: BẮT BUỘC ÉP | F28: 2-1 / 3-2 / 4-2 | G28: Ahri & Morgana Thuật Sĩ | I28: Ấn Thuật Sĩ đặt lên Ahri đẩy đội lên nhóm mạnh nhất (tăng 2 bậc). Đi thẳng đội Ahri & Morgana, gom đồ phép, lên 8 ở 4-2 và đổi tướng tìm Ahri/Morgana 2 sao. | J28: Top 1 khi Ahri có Ấn + Găng Bảo Thạch
... C35: Băng Trộm / Kho Báu Chôn Giấu / Túi Đồ Siêu Hùng / Túi Đồ Cỡ Đại | E35: NÊN LẤY (nhóm trang bị) | F35: 2-1 / 3-2 | G35: Đội cần đủ 3 món cho 2 chủ lực | I35: Cho nhiều mảnh đồ → chọn đội hình cần nhiều đồ (Nidalee & Aphelios, Ahri & Morgana). Ghép đồ sớm để giữ chuỗi thắng, đừng giữ mảnh chờ đồ hoàn hảo. | J35: Top 4 chắc; top 1 khi đồ khớp chủ lực chính
B37: Cách đọc: BẮT BUỘC ÉP = nhận được thì bỏ mọi kế hoạch khác, chơi đúng đội hình ghi trong bảng. NÊN LẤY = rất mạnh nhưng vẫn linh hoạt được. Tên lõi theo bản tiếng Việt của game; một số lõi mới chưa có hình riêng nên dùng biểu tượng tộc/hệ viền vàng. Điều kiện tăng bậc tổng hợp từ TFT Flow, TFT Academy, BunnyMuffins – cập nhật 06/10/2026 theo bản vá 18.3b.

Sheet LÕI NÂNG CẤP
B2: 🌿 LÕI NÂNG CẤP | E2: v1.8 · 06/10/2026
B3: Quy tắc chọn theo từng mốc + danh sách lõi mạnh mùa 18 (bấm ▼ để lọc theo Loại / Hạng) · Mùa 18 · Đại Ngàn Kỳ Bí · Bản vá 18.3b (đang chạy) · 18.4 ra 07/10/2026
B4: ◄ Về Trang Chủ
B6: QUY TẮC CHỌN LÕI THEO MỐC
B7: 2-1 (Lõi 1) | D7: Ưu tiên KINH TẾ hoặc TRANG BỊ. Chưa chốt đội hình → tránh lõi tộc hẹp. Máu cao + đầu game đẹp → lõi kinh tế dài hạn.
B8: 3-2 (Lõi 2) | D8: Đã có hướng đội hình → chọn lõi tộc/Ấn/đồ khớp chủ lực. Đang thua liên tục, máu < 50 → lõi giao tranh mạnh ngay.
B9: 4-2 (Lõi 3) | D9: Chọn thứ tăng sức mạnh bàn cờ NGAY (giao tranh, Ấn, đồ Ánh Sáng). Lõi kinh tế lúc này chỉ khi đang lên 9 nhanh và máu cao.
B10: Đổi lõi | D10: 3 lựa chọn đều kém: dùng nút đổi cho ô tệ nhất; giữ lại lõi hạng S đã thấy.
B11: Lõi độc quyền | D11: Thực Vật Hấp Thụ, Tà Thuật, Tín Đồ Tiên Hắc Ám chỉ 1 người/phòng (18.2) → nếu được chọn thì rất đáng lấy vì không bị tranh.
B13: DANH SÁCH LÕI MẠNH (BẢN 18.3b)
B14: Hình | C14: Lõi nâng cấp | D14: Loại | E14: Hạng | F14: Hợp với | G14: Ghi chú
C15: Sinh Nhật Đoàn Tụ | D15: Kinh tế | E15: S | F15: Mọi đội hình, nhất là lên 8/9 nhanh | G15: Một trong những lõi mạnh nhất
C16: Kỷ Nguyên / Kỷ Nguyên+ | D16: Kinh tế | E16: S | F16: Lên 8/9 nhanh | G16: Lõi mạnh nhất nhóm kinh tế
C17: Khởi Động Nhanh | D17: Kinh tế | E17: S | F17: Muốn chuỗi thắng sớm | G17: Tăng nhịp độ đầu trận
C18: Túi Đồ Siêu Hùng | D18: Kinh tế / Trang bị | E18: S | F18: Mọi đội hình; Tiên Hắc Ám, Tristana | G18: Túi mảnh đồ + tài nguyên
C19: Kỳ Vọng Bất Ngờ | D19: Kinh tế | E19: S | F19: Linh hoạt, lên 8 nhanh | G19: Được đánh giá rất mạnh
C20: Thăng Tiến Cuối Trận | D20: Kinh tế | E20: S (có điều kiện) | F20: Draven lên 9, Ashe Hoa Linh lên 9 | G20: Tăng 2 bậc sức mạnh cho đội lên 9 nhanh
C21: Thăng Cấp. / Quà Sinh Nhật | D21: Kinh tế (kinh nghiệm) | E21: A | F21: Rồng Ngàn Tuổi / Draven lên 9 | G21: Lên cấp nhận thêm tướng
C22: Xúc Xắc Hoành Tráng / Xúc Xắc Vô Tận | D22: Kinh tế (lượt đổi) | E22: A | F22: Sivir & Nidalee, Ahri & Morgana | G22: Nhiều lượt đổi tướng để tìm tướng 4 vàng
C23: Tăng Vốn I / II | D23: Kinh tế | E23: A | F23: Caitlyn, đội ít cần đồ | G23: Tích vàng
C24: Vượt Thời Gian / Định Hướng Tương Lai | D24: Kinh tế | E24: S | F24: Lên 8/9 nhanh | G24: Được đánh giá rất mạnh
C25: Băng Trộm | D25: Trang bị | E25: S | F25: Mọi đội hình | G25: Nhận Găng Đạo Tặc
C26: Đam Mê Đai Lưng | D26: Trang bị | E26: A | F26: Đội đỡ đòn nhiều Máu | G26: Nhận Đai Khổng Lồ
... C54: Ấn (Thuật Sĩ / Đao Phủ / Tiên Linh / Thợ Săn / Nguyên Sinh) | D54: Ấn | E54: S (có điều kiện) | F54: Ahri & Morgana, Soraka & Zyra, Sivir | G54: Ấn Thuật Sĩ đẩy Ahri & Morgana lên S+
B56: Tên và hình lõi theo bản tiếng Việt của game. Một số lõi mới chưa có hình riêng trong dữ liệu game → dùng biểu tượng tộc/hệ (viền vàng). Luôn đọc mô tả trong game.

Sheet TỘC HỆ & TƯỚNG
B2: 🌿 TỘC HỆ & TƯỚNG MÙA 18 | L2: v1.8 · 06/10/2026
B3: Chọn tộc/hệ → xem mốc kích hoạt, hiệu ứng và danh sách tướng | L3: Bản 18.3b · 18.4 ra 07/10
B4: ◄ Về Trang Chủ
B6: ① Chọn tộc / hệ | E6: Hoa Linh | J6: =INDEX(DATA!$EQ$2:$EQ$36,MATCH($E$6,DATA!$EP$2:$EP$36,0)) -> Tộc (cơ chế) | L6: ="Mốc: "&INDEX(DATA!$ER$2:$ER$36,MATCH($E$6,DATA!$EP$2:$EP$36,0)) -> Mốc: 3 / 5 / 7 / 9 / 11
B7: Hiệu ứng | E7: =INDEX(DATA!$ES$2:$ES$36,MATCH($E$6,DATA!$EP$2:$EP$36,0)) -> Sau mỗi trận, Tinh Linh được cường hoá. (3) nâng cấp Tinh Linh + SMPT · (5) Tinh Linh xuất hiện ở MỌI lượt cửa hàng · (7) +4 vàng mỗi lần mua Tinh Linh · (9) mua 2 Tinh Linh/vòng · (11) Tinh Linh tràn đầy. Phải ra sân đủ 3 Hoa Linh mới có Tinh Linh nâng cấp. ⚠ 18.3: hàng loạt Tinh Linh của Hoa Linh bị giảm sức mạnh (sát thương, máu, vàng) → đội Hoa Linh yếu hơn trước.
B9: Tướng thuộc tộc/hệ | E9: =INDEX(DATA!$ET$2:$ET$36,MATCH($E$6,DATA!$EP$2:$EP$36,0)) -> Karma (1💰), Yorick (1💰), Yunara (2💰), Master Yi (3💰), Ahri (4💰), Sett (4💰), Ashe (5💰), Lux (5💰)
B11: BẢNG TẤT CẢ TỘC / HỆ
B12: Hình | C12: Tộc / Hệ | D12: Loại | F12: Mốc | G12: Hiệu ứng (tóm tắt) | M12: Tướng
C13: Hoa Linh | D13: Tộc (cơ chế) | F13: 3 / 5 / 7 / 9 / 11 | G13: Sau mỗi trận, Tinh Linh được cường hoá. (3) nâng cấp Tinh Linh + SMPT · (5) Tinh Linh xuất hiện ở MỌI lượt cửa hàng · (7) +4 vàng mỗi lần mua Tinh Linh · (9) mua 2 Tinh Linh/vòng · (11) Tinh Linh tràn đầy. Phải ra sân đủ 3 Hoa Linh mới có Tinh Linh nâng cấp. ⚠ 18.3: hàng loạt Tinh Linh của Hoa Linh bị giảm sức mạnh (sát thương, máu, vàng) → đội Hoa Linh yếu hơn trước. | M13: Karma (1💰), Yorick (1💰), Yunara (2💰), Master Yi (3💰), Ahri (4💰), Sett (4💰), Ashe (5💰), Lux (5💰)
C14: Quái Rừng | D14: Tộc (cơ chế) | F14: 3 / 5 / 7 / 10 | G14: (3) Chọn 1 tướng giữ Dấu Ấn Đầu Đàn để nhận hiệu ứng riêng · (5) cứ 3 trận cửa hàng lại 'tràn ngập' Quái Rừng · (7) mỗi 5 giây tăng SMCK/SMPT/Tốc Độ Đánh, Giáp/Kháng Phép, Máu, hồi Năng Lượng · (10) +2 giới hạn đội hình. Rồng Ngàn Tuổi tính +2. | M14: Mầm Non (1💰), Sỏi (1💰), Cóc Thành Tinh (2💰), Sói Hắc Ám (2💰), Cua Kỳ Cục (2💰), Quái Đá Krug (3💰), Chim Mẹ (3💰), Bụi Gai Đỏ (4💰), Người Đá (4💰), Rồng Ngàn Tuổi (5💰)
C15: Thần Rừng | D15: Tộc (cơ chế) | F15: 3 / 5 / 7 / 9 / 11 | G15: Nhận cây đặt lên sân: (3) 1 Cây Đá + 1 Hoa Sinh Mệnh · (5) thêm 1 Cây Đá + Máu · (7) thêm Hộ Vệ Rừng Sâu · (9) cây lên 2 sao · (11) cây lên 3 sao. | M15: Ornn (1💰), Xayah (1💰), Alistar (2💰), LeBlanc (2💰), Hecarim (3💰), Ezreal (4💰), Gnar (5💰), Lux (5💰)
C16: Tinh Nghịch | D16: Tộc (cơ chế) | F16: 3 / 5 / 7 | G16: Nhận thú cưỡi 'Bạn Lông Xù'; thả 1 tướng Tinh Nghịch lên để chọn người cưỡi (kỹ năng đổi theo cận chiến/đánh xa). Người cưỡi nhận % Máu + Tốc Độ Đánh; mốc cao nhận toàn bộ kỹ năng của thú cưỡi. | M16: Kobuko (1💰), Veigar (1💰), Teemo (2💰), Rammus (3💰), Tristana (3💰), Gnar (5💰)
C17: Tiên Hắc Ám | D17: Tộc (cơ chế) | F17: 3 / 4 / 5 / 7 | G17: Thu Tinh Chất khi hạ gục tướng và (nhiều hơn) khi THUA trận. Đổi Tinh Chất lấy quà ngay hoặc tích lại đổi quà lớn. ✅ 18.3: tích Tinh Chất nhanh hơn → tộc này mạnh lên rõ rệt. | M17: Camille (1💰), Caitlyn (2💰), Elise (2💰), Cassiopeia (3💰), Morgana (4💰), Lux (5💰)
C18: Gai Đen | D18: Tộc | F18: 2 / 4 / 6 | G18: Đầu trận hiến tế tướng đứng trên ô Gai Đen → các tướng Gai Đen nhận Máu + chỉ số theo vai trò của tướng bị hiến tế. ⚠ 18.3b: thưởng sát thương khi hiến tế giảm (14% → 12%). | M18: Rek'Sai (1💰), Veigar (1💰), Warwick (2💰), Azir (3💰), Malphite (4💰), Lux (5💰)
C19: Hỏa Ngục | D19: Tộc | F19: 2 / 3 / 5 / 7 | G19: Sát thương gây Thiêu Đốt + Vết Thương (giảm hồi máu). Từ mốc 3: 'đốt' 1/2/4 ô cửa hàng để ra tướng giá cao hơn. ⚠ 18.3: mốc cao bị giảm nhẹ. | M19: Akali (1💰), Varus (1💰), Shen (2💰), Amumu (4💰), Kennen (5💰), Lux (5💰)
C20: Mặt Trời | D20: Tộc | F20: 3 | G20: Tướng nhận lá chắn theo % Máu tối đa + sát thương phép cộng thêm; thưởng tăng theo số tướng 3 sao KHÁC NHAU. Mặt Trời + Mặt Trăng mở tộc ẩn Thiên Thực (định kỳ kết liễu kẻ địch ít máu nhất). | M20: Leona (1💰), Kayle (2💰), Sejuani (2💰), Lux (5💰)
C21: Mặt Trăng | D21: Tộc | F21: 2 / 3 / 4 / 5 | G21: Tướng Mặt Trăng và đồng minh đứng SÁT BÊN nhận Tốc Độ Đánh + SMPT (tướng Mặt Trăng nhận gấp đôi). Đặt chủ lực kề tướng Mặt Trăng. | M21: Diana (3💰), Aphelios (4💰), Alune (5💰), Lux (5💰)
C22: Tiên Linh | D22: Tộc | F22: 2 / 4 | G22: Gây sát thương sẽ thu hút Tiên; tướng Tiên Linh nhận SMCK/SMPT và hồi máu khi dưới 50% Máu (18.2: mốc Tiên Vàng đến sớm hơn). | M22: Rakan (1💰), Xayah (1💰), Tristana (3💰), Lillia (4💰), Lux (5💰)
C23: Nguyên Sinh | D23: Tộc | F23: 2 / 4 | G23: Chọn 1 Phúc Lành (mốc 4 chọn thêm 1): RÙA (cả đội hồi 4% Máu mỗi 4 giây) · GẤU (sát thương của tướng Nguyên Sinh kết liễu kẻ dưới 12% Máu) · HỔ (sau 6 giây: tướng Nguyên Sinh +35% Tốc Độ Đánh, cả đội +15%) · PHƯỢNG HOÀNG (mỗi 15 lần hạ gục nhận 1 mảnh trang bị, tối đa 4). | M23: Vi (3💰), Nidalee (4💰), Sivir (4💰), Lux (5💰)
C24: Thực Vật | D24: Tộc | F24: 1 / 2 | G24: Tướng 'thu hoạch' kẻ địch khi hạ gục: nhận Năng Lượng và hồi Máu cho đồng minh. | M24: Fiddlesticks (3💰), Soraka (4💰)
... C47: Tiên Phong | D47: Hệ | F47: 2 / 4 / 6 | G47: Lá chắn theo % Máu tối đa khi vào trận và khi xuống dưới 50% Máu: 18% / 32% / 42%; mốc 6 nhận thêm 5% Chống Chịu khi có lá chắn. | M47: Rakan (1💰), Elise (2💰), Diana (3💰), Hecarim (3💰), Người Đá (4💰), Taric (5💰)
B49: DANH SÁCH TƯỚNG (màu = giá)
B50: Hình | C50: Tướng | D50: Giá | E50: Tộc / Hệ | J50: Có mặt trong đội hình mạnh
C51: Akali | D51: 1 | E51: Hỏa Ngục, Thích Ứng, Tàn Phá | J51: Akali Mặt Trời
C52: Camille | D52: 1 | E52: Tiên Hắc Ám, Tàn Phá | J52: Akali Mặt Trời
C53: Mầm Non | D53: 1 | E53: Quái Rừng, Thợ Săn | J53: Sivir & Nidalee Nguyên Sinh, Mầm Non Quái Rừng
C54: Karma | D54: 1 | E54: Hoa Linh, Thuật Sư | J54: Ahri & Morgana Thuật Sĩ, Ashe Hoa Linh Lên 9, Yunara Mặt Trời
C55: Kobuko | D55: 1 | E55: Tinh Nghịch, Đấu Sĩ | J55: Veigar Thực Vật Hấp Thụ
C56: Leona | D56: 1 | E56: Mặt Trời, Vệ Quân | J56: Yunara Mặt Trời, Cassiopeia Vệ Quân, Akali Mặt Trời, Kayle Mặt Trời Liên Kích
C57: Ornn | D57: 1 | E57: Thần Rừng, Vệ Quân | J57: Kha'Zix Khắc Tinh, Cassiopeia Vệ Quân
C58: Sỏi | D58: 1 | E58: Quái Rừng, Thuật Sĩ | J58: Ahri & Morgana Thuật Sĩ, Rồng Ngàn Tuổi Quái Rừng, Mầm Non Quái Rừng
C59: Rakan | D59: 1 | E59: Tiên Linh, Dũng Sĩ, Tiên Phong | J59: Caitlyn Dũng Sĩ Thợ Săn, Tristana & Rengar Tiên Linh
C60: Rek'Sai | D60: 1 | E60: Gai Đen, Đấu Sĩ | J60: Sivir & Nidalee Nguyên Sinh, Veigar Thực Vật Hấp Thụ, Azir Triệu Hồi
C61: Varus | D61: 1 | E61: Hỏa Ngục, Liên Kích | J61: Nidalee & Aphelios Mặt Trăng, Kayle Mặt Trời Liên Kích
C62: Veigar | D62: 1 | E62: Gai Đen, Tinh Nghịch, Thuật Sư | J62: Đao Phủ Azir – Soraka & Zyra, Veigar Thực Vật Hấp Thụ
... C115: Taric | D115: 5 | E115: Lục Bảo, Tiên Phong | J115: Nidalee & Aphelios Mặt Trăng, Ahri & Morgana Thuật Sĩ, Ashe Hoa Linh Lên 9, Rồng Ngàn Tuổi Quái Rừng, Draven Lên 9

Sheet TINH LINH & VÒNG ĐẤU
B2: 🌿 TINH LINH & VÒNG ĐẤU | E2: v1.8 · 06/10/2026
B3: Tận dụng tài nguyên của game: Tinh Linh, băng chuyền, đánh quái, mốc chọn lõi · Mùa 18 · Đại Ngàn Kỳ Bí · Bản vá 18.3b (đang chạy) · 18.4 ra 07/10/2026
B4: ◄ Về Trang Chủ
B6: QUY TẮC MUA TINH LINH
B7: ✦ Tinh Linh nằm ở ô cửa hàng NGOÀI CÙNG BÊN PHẢI, cứ 2 lượt cửa hàng xuất hiện 1 lần; mỗi vòng chỉ mua được 1 Tinh Linh (Hoa Linh mốc 9 = 2).
B8: ✦ Chỉ mua được trong lúc chuẩn bị; không mua thì Tinh Linh biến mất và lộ ra ô tướng thứ 5.
B9: ✦ Từ Giai đoạn 5, cứ 2 Tinh Linh thì có 1 là Tinh Linh Giao Tranh.
B10: ✦ Quy tắc vàng: Tinh Linh = vàng. Đừng mua nếu làm tụt mốc lãi 10/20/30/40/50 (trừ Tinh Linh 0 vàng).
B11: ✦ Tinh Linh Giao Tranh 0–2 vàng: mua trước trận có thể thua để giữ chuỗi/giữ máu.
B12: ✦ Đội Hoa Linh thì ngược lại: mua Tinh Linh được hoàn vàng (mốc 7) → mua gần như mọi Tinh Linh kinh tế.
B13: ✦ Máu thấp: bỏ Tinh Linh kinh tế, ưu tiên Tinh Linh giao tranh/tướng. Máu cao: mua Tinh Linh kinh tế rẻ.
B14: ✦ Tên Tinh Linh theo bản tiếng Việt của game; giá/hiệu ứng có thể đổi theo phiên bản – kiểm tra khi di chuột trong game.
B15: ✦ ⚠ BẢN 18.3: nhiều Tinh Linh bị TĂNG GIÁ và GIẢM chỉ số (nhất là Tinh Linh của Hoa Linh) → cân nhắc kỹ hơn trước khi mua, ưu tiên Tinh Linh 0 vàng và Tinh Linh tướng.
B17: TINH LINH TIÊU BIỂU (bấm ▼ để lọc theo loại)
B18: # | C18: Tinh Linh | D18: Loại | E18: Giá (vàng) | F18: Hiệu ứng | G18: Khi nào mua
B19: 1 | C19: Sức Mạnh Dồi Dào | D19: Giao Tranh | E19: 0 | F19: + SMCK và SMPT cho cả đội | G19: MUA gần như luôn luôn (miễn phí)
B20: 2 | C20: Tung Đồng Xu | D20: Kinh Tế | E20: 0 | F20: Tung đồng xu: ngửa được +1 vàng | G20: Mua – miễn phí
B21: 3 | C21: Sửa Lỗi Sớm | D21: Bí Ẩn | E21: 0 | F21: Nhận 1 công cụ đổi trang bị | G21: Mua khi đồ nằm sai tướng
B22: 4 | C22: Rời Tàu | D22: Mạo Hiểm | E22: 0 | F22: Bán hết cả sân + hàng chờ, đổi lấy vàng và lượt đổi tướng | G22: CHỈ dùng khi đổi hẳn đội hình – rất rủi ro
B23: 5 | C23: Nguyên Phân | D23: Tướng | E23: 1 | F23: Nhận 1 Máy Sao Chép (nhân bản tướng) | G23: Mua khi săn 3 sao / cần lên 2 sao
B24: 6 | C24: Nhân Giống | D24: Tướng | E24: 1 | F24: Nhận bản sao của tướng đồng minh chết đầu tiên | G24: Mua khi đỡ đòn chính hay chết trước
B25: 7 | C25: Tập Sự | D25: Tướng | E25: 3 | F25: Nhận ngẫu nhiên 1 tướng 1 vàng 2 sao | G25: Đầu game – giữ máu, giữ chuỗi
B26: 8 | C26: Song Sinh Rừng Già | D26: Tướng | E26: 4 | F26: Nhận 2 bản của 1 tướng 2 vàng | G26: Đội săn 3 sao 2 vàng
B27: 9 | C27: Chuột Nhắt Lan Tràn | D27: Tướng | E27: 5 | F27: ⛔ BỊ XOÁ ở bản 18.4 (07/10). Trước đó: nhận Máy Sao Chép theo số tướng 1 vàng khác nhau | G27: Chỉ còn tới hết 18.3b
B28: 10 | C28: Gánh Hàng Rong | D28: Trang Bị | E28: 6 | F28: Mở cửa hàng mua 1 món đồ giá rẻ | G28: Mua khi thiếu đúng 1 mảnh đồ
B29: 11 | C29: Số 7 May Mắn | D29: Cửa Hàng | E29: 7 | F29: Nhận 7 lượt đổi tướng | G29: Tốt ngay trước lượt dồn vàng đổi tướng
B30: 12 | C30: Smurf | D30: Tướng | E30: 8 | F30: Nhận 1 tướng 5 vàng ngẫu nhiên | G30: Cuối game, dư vàng
... B37: 19 | C37: Ngôi Làng Vùng Biên | D37: Cửa Hàng | E37: 3 / 2 (18.2) | F37: Hiệu ứng cửa hàng | G37: Giảm giá ở 18.2
B39: BẢN ĐỒ VÒNG ĐẤU – LÀM GÌ Ở MỖI VÒNG
B40: Vòng | C40: Sự kiện | E40: Việc cần làm
B41: 1-1 | C41: Băng chuyền mở màn | E41: Chọn tướng mang MẢNH ĐỒ hợp hướng đội hình (ưu tiên Kiếm BF, Gậy, Nước Mắt, Cung).
B42: 1-2 → 1-4 | C42: Đánh quái (lính) | E42: Nhặt đồ rơi; mua tướng tạo cặp; chưa đổi tướng.
B43: 2-1 | C43: Chọn Lõi 1 + đấu người đầu tiên | E43: Lên cấp 4. Chọn lõi kinh tế/trang bị. Ghép sớm 1–2 món mạnh.
B44: 2-2 → 2-3 | C44: Đấu người | E44: Giữ chuỗi; mua Tinh Linh 0–1 vàng; tích 10–20 vàng.
B45: 2-4 | C45: Băng chuyền | E45: Lấy mảnh đồ còn thiếu cho chủ lực/đỡ đòn.
B46: 2-5 → 2-6 | C46: Đấu người | E46: Lên cấp 5 (nếu đang chuỗi thắng) – kiểm tra mốc lãi.
B47: 2-7 | C47: Đánh quái: Quái Đá | E47: Nhận đồ/vàng; chuẩn bị Giai đoạn 3.
B48: 3-1 | C48: Đấu người | E48: Lên cấp 6 (lên 8 nhanh) · Săn 3 sao 1 vàng: dồn vàng đổi tướng.
B49: 3-2 | C49: Chọn Lõi 2 | E49: Chốt hướng đội hình → lõi tộc/Ấn/đồ.
B50: 3-3 | C50: Đấu người | E50: Xem bàn đối thủ – ai đang chơi giống mình?
B51: 3-4 | C51: Băng chuyền | E51: Lấy mảnh đồ/đồ hoàn chỉnh cho chủ lực chính.
... B62: 5-5 trở đi | C62: Đấu người cuối game | E62: Đổi tướng tìm 5 vàng / 4 vàng 2 sao; xếp vị trí đối phó top 4 còn lại.
B64: Màu: tím = chọn Lõi · xanh = băng chuyền · đỏ = đánh quái (nhận đồ). Cấu trúc vòng theo chuẩn ĐTCL; kiểm tra lại trong game nếu có sự kiện đặc biệt.

Sheet KINH TẾ & CẤP
B2: 🌿 KINH TẾ, LÊN CẤP & TỈ LỆ RA TƯỚNG | L2: v1.8 · 06/10/2026
B3: Bảng tỉ lệ cửa hàng mùa 18 + máy tính ước lượng số vàng cần để đổi tướng | L3: Bản 18.3b · 18.4 ra 07/10
B4: ◄ Về Trang Chủ
B6: TỈ LỆ RA TƯỚNG THEO CẤP (%)
B7: Cấp | D7: 1 vàng | F7: 2 vàng | H7: 3 vàng | J7: 4 vàng | L7: 5 vàng | N7: Mốc chơi
B8: 1 | D8: 1 | F8: 0 | H8: 0 | J8: 0 | L8: 0
B9: 2 | D9: 0.75 | F9: 0.25 | H9: 0 | J9: 0 | L9: 0
B10: 3 | D10: 0.75 | F10: 0.25 | H10: 0 | J10: 0 | L10: 0
B11: 4 | D11: 0.55 | F11: 0.3 | H11: 0.15 | J11: 0 | L11: 0
B12: 5 | D12: 0.45 | F12: 0.33 | H12: 0.2 | J12: 0.02 | L12: 0 | N12: Săn 3 sao 1💰
B13: 6 | D13: 0.3 | F13: 0.4 | H13: 0.25 | J13: 0.05 | L13: 0 | N13: Săn 3 sao 2💰
B14: 7 | D14: 0.16 | F14: 0.3 | H14: 0.43 | J14: 0.1 | L14: 0.01 | N14: Săn 3 sao 3💰
B15: 8 | D15: 0.15 | F15: 0.2 | H15: 0.32 | J15: 0.3 | L15: 0.03 | N15: Lên 8: tìm 4💰
B16: 9 | D16: 0.1 | F16: 0.17 | H16: 0.25 | J16: 0.33 | L16: 0.15 | N16: Lên 9: tìm 5💰
B17: 10 | D17: 0.05 | F17: 0.1 | H17: 0.2 | J17: 0.4 | L17: 0.25 | N17: Hoàn thiện 5💰
B19: MÁY TÍNH ĐỔI TƯỚNG (ước tính)
B21: Cấp hiện tại | E21: 8 | H21: Tỉ lệ 1 ô cửa hàng ra tướng giá này | I21: =INDEX(DATA!$EF$2:$EJ$11,MATCH($E$21,DATA!$EE$2:$EE$11,0),$E$22)/100 -> 0.3 | K21: Công thức: tỉ lệ theo cấp × (số bản còn lại ÷ (tổng bản mỗi tướng × số tướng cùng giá)). Giả định các tướng khác cùng giá còn đủ bản → đây là ước tính để quyết định nên đổi tướng hay lên cấp. Nếu số lượt quá lớn → lên cấp hoặc đổi hướng đội hình.
B22: Giá tướng cần tìm | E22: 4 | H22: Tỉ lệ 1 ô ra ĐÚNG tướng cần tìm | I22: =IFERROR(INDEX(DATA!$EF$2:$EJ$11,MATCH($E$21,DATA!$EE$2:$EE$11,0),$E$22)/100*MIN($E$23,INDEX(DATA!$EL$2:$EL$6,$E$22))/(INDEX(DATA!$EL$2:$EL$6,$E$22)*INDEX(DATA!$EM$2:$EM$6,$E$22)),0) -> 0.015
B23: Số bản tướng CÒN LẠI | E23: 7 | H23: Tỉ lệ thấy ≥1 bản mỗi lượt đổi (5 ô) | I23: =1-(1-I22)^5 -> 0.072783498
H24: Số lượt đổi trung bình để thấy 1 bản | I24: =IF(I23=0,"Không thể ở cấp này",1/I23) -> 13.739378
H25: ≈ Vàng cần (2 vàng/lượt + mua) | I25: =IF(ISNUMBER(I24),I24*2+$E$22,"—") -> 31.478756
B27: KINH TẾ CƠ BẢN
B28: Lãi (interest) | E28: +1 vàng cho mỗi 10 vàng đang giữ, tối đa +5 (ở 50 vàng).
B29: Chuỗi thắng/thua | E29: Thưởng vàng tăng theo độ dài chuỗi (thắng hoặc thua) – tránh thắng/thua xen kẽ.
B30: Mua kinh nghiệm | E30: 4 vàng = 4 kinh nghiệm. Bản 18.2: lên 8 cần 56, lên 9 cần 64 (rẻ hơn 4) → lên 8/9 nhanh dễ hơn.
B31: Đổi tướng từ từ | E31: Chỉ dùng phần vàng TRÊN 50 để đổi tướng: vừa giữ lãi tối đa vừa tìm 3 sao.
B32: Dồn vàng đổi tướng | E32: Dồn vàng ở 1 mốc (4-2 với lối lên 8 nhanh) để tìm tướng chủ lực – giữ lại 10–20 vàng nếu được.
B33: Số bản mỗi tướng | E33: 1💰: 30 · 2💰: 25 · 3💰: 18 · 4💰: 10 · 5💰: 9 bản. Đối thủ giữ tướng nào thì bạn càng khó gặp tướng đó.
B34: Tinh Linh | E34: Tinh Linh = vàng. Chỉ mua khi không làm tụt mốc lãi (trừ Tinh Linh 0 vàng hoặc đội Hoa Linh).
B36: LỘ TRÌNH LÊN CẤP CHUẨN (mùa 18)
B37: Lên 8/9 nhanh – đang THẮNG | E37: Cấp 4 (2-1) → 5 (2-5) → 6 (3-1) → 7 (3-5) → 8 (4-2) → 9 (5-2)
B38: Lên 8/9 nhanh – đang THUA | E38: Cấp 4 (2-3) → 5 (2-7) → 6 (3-2) → 7 (3-5) → 8 (4-1) → 9 (5-2)
B39: Săn 3 sao 1 vàng | E39: Giữ cấp 4 tới khi có 3 sao, dồn vàng đổi tướng ở 3-1 để ổn định
B40: Săn 3 sao 2 vàng | E40: 4 → 5 → 6, đổi tướng mạnh từ 3-2 và Giai đoạn 4
B41: Săn 3 sao 3 vàng | E41: Như 2 vàng nhưng chậm hơn; lên cấp 7 muộn nhất ở 3-5
B42: Thay đổi kinh nghiệm 18.2 | E42: 7 → 8: 60 → 56 kinh nghiệm · 8 → 9: 68 → 64 kinh nghiệm · 9 → 10: 68 (đã hoàn tác giữa phiên bản)

Sheet XẾP VỊ TRÍ
B2: 🌿 XẾP VỊ TRÍ & TRIỂN KHAI | L2: v1.8 · 06/10/2026
B3: Chọn kiểu đội hình / tình huống → xem sơ đồ bàn cờ mẫu | L3: Bản 18.3b · 18.4 ra 07/10
B4: ◄ Về Trang Chủ
B6: ① Kiểu xếp vị trí | E6: Chủ lực ở góc (chuẩn)
E8: ▲ PHÍA ĐỐI THỦ ▲
D9: Hàng 1 | E9: =INDEX(DATA!$CF$2:$CF$6,MATCH($E$6,DATA!$CD$2:$CD$6,0))&"" | F9: =INDEX(DATA!$CG$2:$CG$6,MATCH($E$6,DATA!$CD$2:$CD$6,0))&"" -> 🛡 ĐỠ ĐÒN | G9: =INDEX(DATA!$CH$2:$CH$6,MATCH($E$6,DATA!$CD$2:$CD$6,0))&"" -> 🛡 ĐỠ ĐÒN | H9: =INDEX(DATA!$CI$2:$CI$6,MATCH($E$6,DATA!$CD$2:$CD$6,0))&"" | I9: =INDEX(DATA!$CJ$2:$CJ$6,MATCH($E$6,DATA!$CD$2:$CD$6,0))&"" -> 🛡 ĐỠ ĐÒN | J9: =INDEX(DATA!$CK$2:$CK$6,MATCH($E$6,DATA!$CD$2:$CD$6,0))&"" -> 🛡 ĐỠ ĐÒN | K9: =INDEX(DATA!$CL$2:$CL$6,MATCH($E$6,DATA!$CD$2:$CD$6,0))&"" | L9: =INDEX(DATA!$CE$2:$CE$6,MATCH($E$6,DATA!$CD$2:$CD$6,0)) -> Chủ lực chính ở góc hàng cuối, chủ lực phụ ở góc đối diện để né kỹ năng diện rộng. Đỡ đòn dàn 4 ô hàng đầu, 1 hỗ trợ (Taric/Thuật Sĩ) đứng sau đỡ đòn.
D10: Hàng 2 | E10: =INDEX(DATA!$CM$2:$CM$6,MATCH($E$6,DATA!$CD$2:$CD$6,0))&"" | F10: =INDEX(DATA!$CN$2:$CN$6,MATCH($E$6,DATA!$CD$2:$CD$6,0))&"" | G10: =INDEX(DATA!$CO$2:$CO$6,MATCH($E$6,DATA!$CD$2:$CD$6,0))&"" -> ✚ HỖ TRỢ | H10: =INDEX(DATA!$CP$2:$CP$6,MATCH($E$6,DATA!$CD$2:$CD$6,0))&"" | I10: =INDEX(DATA!$CQ$2:$CQ$6,MATCH($E$6,DATA!$CD$2:$CD$6,0))&"" | J10: =INDEX(DATA!$CR$2:$CR$6,MATCH($E$6,DATA!$CD$2:$CD$6,0))&"" | K10: =INDEX(DATA!$CS$2:$CS$6,MATCH($E$6,DATA!$CD$2:$CD$6,0))&""
D11: Hàng 3 | E11: =INDEX(DATA!$CT$2:$CT$6,MATCH($E$6,DATA!$CD$2:$CD$6,0))&"" | F11: =INDEX(DATA!$CU$2:$CU$6,MATCH($E$6,DATA!$CD$2:$CD$6,0))&"" | G11: =INDEX(DATA!$CV$2:$CV$6,MATCH($E$6,DATA!$CD$2:$CD$6,0))&"" | H11: =INDEX(DATA!$CW$2:$CW$6,MATCH($E$6,DATA!$CD$2:$CD$6,0))&"" | I11: =INDEX(DATA!$CX$2:$CX$6,MATCH($E$6,DATA!$CD$2:$CD$6,0))&"" | J11: =INDEX(DATA!$CY$2:$CY$6,MATCH($E$6,DATA!$CD$2:$CD$6,0))&"" | K11: =INDEX(DATA!$CZ$2:$CZ$6,MATCH($E$6,DATA!$CD$2:$CD$6,0))&""
D12: Hàng 4 | E12: =INDEX(DATA!$DA$2:$DA$6,MATCH($E$6,DATA!$CD$2:$CD$6,0))&"" -> ⚔ CHỦ LỰC | F12: =INDEX(DATA!$DB$2:$DB$6,MATCH($E$6,DATA!$CD$2:$CD$6,0))&"" -> ✚ HỖ TRỢ | G12: =INDEX(DATA!$DC$2:$DC$6,MATCH($E$6,DATA!$CD$2:$CD$6,0))&"" | H12: =INDEX(DATA!$DD$2:$DD$6,MATCH($E$6,DATA!$CD$2:$CD$6,0))&"" | I12: =INDEX(DATA!$DE$2:$DE$6,MATCH($E$6,DATA!$CD$2:$CD$6,0))&"" | J12: =INDEX(DATA!$DF$2:$DF$6,MATCH($E$6,DATA!$CD$2:$CD$6,0))&"" -> 🏹 CHỦ LỰC 2 | K12: =INDEX(DATA!$DG$2:$DG$6,MATCH($E$6,DATA!$CD$2:$CD$6,0))&""
E13: ▼ HÀNG SAU CỦA BẠN ▼
D15: Chú thích: | E15: 🛡 ĐỠ ĐÒN | F15: ⚔ CHỦ LỰC | G15: 🏹 CHỦ LỰC 2 | H15: ✚ HỖ TRỢ | I15: 🎯 MỒI
B17: NGUYÊN TẮC TRIỂN KHAI CỦA CAO THỦ
B18: 1. Xếp vị trí đối phó NGƯỜI MẠNH NHẤT còn lại (top 1–2 máu cao nhất), không chỉ đối thủ vòng tới.
B19: 2. Tách 2 chủ lực ra 2 góc để không bị một kỹ năng diện rộng (Ahri, Ashe, Morgana, Zyra) quét cùng lúc.
B20: 3. Đối thủ có sát thủ (Nidalee, Kha'Zix, Akali): đặt MỒI rẻ ở góc, chủ lực lùi vào 1 ô và có hỗ trợ đứng cạnh.
B21: 4. Đỡ đòn chính (nhiều đồ nhất) đứng nơi địch lao vào đầu tiên; Malphite / tướng cầm Thú Tượng Thạch Giáp nên đứng giữa để bị nhiều tướng nhắm.
B22: 5. Tướng Mặt Trăng (Diana, Aphelios, Alune): đặt chủ lực SÁT BÊN để nhận Tốc Độ Đánh + SMPT.
B23: 6. Taric (Lục Bảo): ghép cặp với chủ lực hoặc đỡ đòn chính; Ivern đứng gần đỡ đòn để trồng ô hỗ trợ.
B24: 7. Gai Đen: đặt 1 tướng dư/rẻ lên ô hiến tế để các tướng Gai Đen (Malphite, Azir…) nhận chỉ số.
B25: 8. Quái Rừng: đặt Dấu Ấn Đầu Đàn lên đỡ đòn 2–3 sao (Cua Kỳ Cục / Quái Đá Krug) để giữ hàng trước lâu hơn.
B26: 9. Ashe: đặt đối diện hướng địch dồn quân để mưa tên phủ rộng. Draven: đặt nơi dễ hạ gục cuối (hoàn thành truy nã).
B27: 10. Kiểm tra lại vị trí MỖI vòng sau khi xem bàn đối thủ – 5 giây xếp lại có thể biến thua thành thắng.

Sheet LỘ TRÌNH THÁCH ĐẤU
B2: 🌿 LỘ TRÌNH LÊN THÁCH ĐẤU | D2: v1.8 · 06/10/2026
B3: Tự chấm thói quen bằng ô vàng (✅/⬜) – thanh tiến độ tự cập nhật · Mùa 18 · Đại Ngàn Kỳ Bí · Bản vá 18.3b (đang chạy) · 18.4 ra 07/10/2026
B4: ◄ Về Trang Chủ
B6: TIẾN ĐỘ | C6: =COUNTIF(D10:D29,"✅ Đã làm")/20 -> 0 | D6: =COUNTIF(D10:D29,"✅ Đã làm")&" / 20" -> 0 / 20
B8: 20 THÓI QUEN CỦA NGƯỜI CHƠI THÁCH ĐẤU
B9: Nhóm | C9: Thói quen | D9: Trạng thái
B10: Kinh tế | C10: Luôn kết thúc lượt ở mốc lãi 10/20/30/40/50 (tối đa +5 vàng/vòng). | D10: ⬜ Chưa
B11: Kinh tế | C11: Tận dụng chuỗi thắng/thua; tránh thắng-thua xen kẽ. | D11: ⬜ Chưa
B12: Kinh tế | C12: Không dồn vàng đổi tướng trước mốc của lối chơi (lên 8 nhanh: 4-2; săn 3 sao 3 vàng: 3-5). | D12: ⬜ Chưa
B13: Kinh tế | C13: Chỉ mua Tinh Linh khi không tụt mốc lãi (trừ Tinh Linh 0 vàng). | D13: ⬜ Chưa
B14: Đội hình | C14: Chơi LINH HOẠT: chốt hướng ở 3-2 dựa trên đồ + lõi + tướng đang có. | D14: ⬜ Chưa
B15: Đội hình | C15: Thuộc 3 đội hình chính (1 lên 8 nhanh, 1 săn 3 sao, 1 lên 9 nhanh) + 1 đội dự phòng. | D15: ⬜ Chưa
B16: Đội hình | C16: Xem bàn đối thủ mỗi giai đoạn: tránh đội đang bị từ 2 người tranh. | D16: ⬜ Chưa
B17: Trang bị | C17: Ghép đồ sớm để giữ máu – đồ mạnh hôm nay giá trị hơn đồ hoàn hảo ngày mai. | D17: ⬜ Chưa
B18: Trang bị | C18: Ưu tiên đồ đỡ đòn linh hoạt (Thú Tượng Thạch Giáp, Giáp Máu Warmog, Lời Thề Hộ Vệ) – đỡ đòn nào cũng dùng được. | D18: ⬜ Chưa
B19: Trang bị | C19: Dùng công cụ đổi đồ / Tinh Linh sửa đồ khi đồ nằm sai tướng. | D19: ⬜ Chưa
B20: Lõi | C20: 2-1: kinh tế/trang bị · 3-2: khớp đội hình · 4-2: tăng sức mạnh ngay. | D20: ⬜ Chưa
... B29: Luyện tập | C29: Mỗi tuần xem 1 trận của người chơi Thách Đấu phát trực tiếp, chú ý thời điểm đổi tướng & lên cấp. | D29: ⬜ Chưa
B31: LỖI THƯỜNG GẶP → CÁCH SỬA
B32: ❌ | C32: Dồn vàng đổi tướng quá sớm khi máu còn cao | D32: Theo mốc của lối chơi; máu > 60 thì giữ vàng.
B33: ❌ | C33: Cố ép một đội hình dù không có đồ/tướng | D33: Chơi theo đồ & lõi; chốt hướng ở 3-2.
B34: ❌ | C34: Giữ quá nhiều tướng trên hàng chờ | D34: Chỉ giữ cặp và tướng của đội hình mục tiêu.
B35: ❌ | C35: Không ghép đồ, giữ mảnh đồ 'chờ đồ hoàn hảo' | D35: Ghép sớm để giữ máu và giữ chuỗi.
B36: ❌ | C36: Lên cấp làm tụt mốc lãi không cần thiết | D36: Kiểm tra số vàng trước khi bấm lên cấp.
B37: ❌ | C37: Không xem bàn đối thủ | D37: Xem ai đang tranh tướng/đội; điều chỉnh vị trí.
B38: ❌ | C38: Mua Tinh Linh đắt khi chưa đủ 50 vàng | D38: Ưu tiên kinh tế trước, Tinh Linh đắt để cuối game.
B39: ❌ | C39: Không đổi vị trí khi thua cùng một người | D39: Đổi chỗ chủ lực/mồi, dời đỡ đòn theo hướng địch lao vào.
B41: KẾ HOẠCH LEO HẠNG THEO TỪNG MỨC
B42: Mức rank | C42: Trọng tâm luyện | D42: Chỉ số mục tiêu
B43: Sắt → Bạc | C43: Học 1 đội lên 8 nhanh dễ chơi (Ahri & Morgana Thuật Sĩ) + kinh tế cơ bản. | D43: Top 4 ≥ 55%
B44: Vàng → Bạch Kim | C44: Thêm 1 đội săn 3 sao (Akali Mặt Trời / Caitlyn); tập đổi tướng từ từ đúng mốc. | D44: Top 4 ≥ 55%, hạng trung bình ≤ 4.3
B45: Lục Bảo → Kim Cương | C45: Chơi linh hoạt 3–4 đội; xem bàn đối thủ mỗi giai đoạn; tối ưu Tinh Linh. | D45: Top 4 ≥ 57%, hạng trung bình ≤ 4.2
B46: Cao Thủ → Đại Cao Thủ | C46: Lên 9 nhanh khi có lõi kinh tế; xếp vị trí theo người mạnh nhất; tránh đội bị tranh. | D46: Top 4 ≥ 58%, top 1 ≥ 15%
B47: Thách Đấu / Top 1 | C47: Đọc phòng từ Giai đoạn 2; cân bằng chuỗi; đổi hướng nhanh; giữ tâm lý ổn định. | D47: Hạng trung bình ≤ 4.0 trên 50+ trận

Sheet TỪ ĐIỂN THUẬT NGỮ
B2: 🌿 TỪ ĐIỂN THUẬT NGỮ | D2: v1.8 · 06/10/2026
B3: Các từ hay gặp khi xem hướng dẫn, video, trang thống kê – giải thích dễ hiểu · Mùa 18 · Đại Ngàn Kỳ Bí · Bản vá 18.3b (đang chạy) · 18.4 ra 07/10/2026
B4: ◄ Về Trang Chủ
B6: GIẢI THÍCH THUẬT NGỮ
B7: Trong file này gọi là | C7: Trên mạng hay gọi là | D7: Nghĩa là
B8: Lên 8 nhanh | C8: Fast 8 | D8: Tích vàng, lên cấp 8 ở vòng 4-1/4-2 rồi mới dồn vàng tìm tướng 4 vàng.
B9: Lên 9 nhanh | C9: Fast 9 | D9: Tham kinh tế hơn nữa, lên cấp 9 ở vòng 5-1/5-2 để tìm tướng 5 vàng.
B10: Săn 3 sao | C10: Reroll | D10: Ở cấp thấp, liên tục đổi tướng để nâng tướng rẻ (1–3 vàng) lên 3 sao.
B11: Đổi tướng | C11: Roll | D11: Bấm làm mới cửa hàng (2 vàng/lượt) để tìm tướng.
B12: Đổi tướng từ từ | C12: Slow roll | D12: Chỉ dùng phần vàng TRÊN 50 để đổi tướng, giữ nguyên lãi tối đa.
B13: Dồn vàng đổi tướng | C13: Roll down | D13: Tiêu gần hết vàng ở 1 vòng để tìm đủ tướng chủ lực.
B14: Chủ lực | C14: Carry | D14: Tướng gây sát thương chính, cầm đồ tấn công.
B15: Đỡ đòn | C15: Tank | D15: Tướng hàng trước chịu sát thương, cầm đồ phòng thủ.
B16: Ghép đồ sớm | C16: Slam | D16: Ghép ngay mảnh đồ thành đồ hoàn chỉnh để mạnh sớm, giữ máu.
B17: Xem bàn đối thủ | C17: Scout | D17: Bấm sang bàn người khác để xem họ chơi đội gì, xếp ra sao.
B18: Đổi hướng | C18: Pivot | D18: Bỏ đội hình đang theo để chuyển sang đội khác hợp đồ/tướng hơn.
... B33: Vết Thương | C33: Wound | D33: Giảm lượng hồi máu của kẻ địch.
B35: CHỈ SỐ TRONG TRÒ CHƠI
B36: SMCK | D36: Sức Mạnh Công Kích – sát thương đòn đánh/vật lý
B37: SMPT | D37: Sức Mạnh Phép Thuật – sát thương kỹ năng phép
B38: Tốc Độ Đánh | D38: Số đòn đánh mỗi giây
B39: Năng Lượng | D39: Đầy thì tướng tung kỹ năng
B40: Giáp / Kháng Phép | D40: Giảm sát thương vật lý / phép nhận vào
B41: Chống Chịu | D41: Giảm mọi sát thương nhận vào theo %
B42: Hút Máu Toàn Phần | D42: Hồi máu theo % mọi sát thương gây ra
B43: Khuếch Đại Sát Thương | D43: Tăng % mọi sát thương gây ra
B44: Tỉ Lệ Chí Mạng | D44: Cơ hội gây sát thương chí mạng

Sheet NGUỒN & PHIÊN BẢN
B2: 🌿 NGUỒN DỮ LIỆU & PHIÊN BẢN | C2: v1.8 · 06/10/2026
B3: Dữ liệu tổng hợp từ các trang thống kê/hướng dẫn uy tín tại thời điểm 06/10/2026 · Mùa 18 · Đại Ngàn Kỳ Bí · Bản vá 18.3b (đang chạy) · 18.4 ra 07/10/2026
B4: ◄ Về Trang Chủ
B6: THÔNG TIN PHIÊN BẢN
B7: Phiên bản file | C7: v1.8
B8: Ngày cập nhật | C8: 06/10/2026
B9: Mùa / Phiên bản | C9: Mùa 18 · Đại Ngàn Kỳ Bí · Bản vá 18.3b (đang chạy) · 18.4 ra 07/10/2026
B10: Bản vá 18.3b phát hành | C10: 24/09/2026 (18.3: 23/09 · 18.2: 10/09 · mùa 18 ra mắt 12/08/2026)
B11: Bản kế tiếp | C11: 18.4 – dự kiến 07/10/2026
B12: Lịch cập nhật file | C12: Nên cập nhật sau mỗi phiên bản lớn (~2 tuần/lần) – tăng số phiên bản v1.2, v1.3…
B14: NHẬT KÝ THAY ĐỔI
B15: v1.8 · 06/10/2026 | C15: Thêm 2 trang MỚI: CHỌN ẤN → ĐỘI HÌNH (chọn tối đa 3 Ấn + loại đồ → tự xếp hạng 19 đội hình, chỉ rõ chủ lực chính/phụ vật lý-phép, đỡ đòn, đồ, ai đeo Ấn nào, mở mốc gì) và LÕI → CÁCH ĐÁNH (lõi cho Vàng / Kinh nghiệm / Lượt đổi / Mảnh đồ / Đồ / Tạo Tác / Ấn / Tướng / Chỉ số + bậc + vòng + máu → kế hoạch chơi) kèm xếp hạng lõi tộc hệ. Cập nhật số liệu VN mới (589.544 ván) và toàn bộ thay đổi bản 18.4 (07/10).
B16: v1.7 · 26/09/2026 | C16: Thêm SỐ LIỆU MÁY CHỦ VIỆT NAM (OP.GG lọc region VN, bản 18.3, 434.232 ván/24h): 8 đội hình kèm bậc, hạng TB, tỉ lệ top 4, tỉ lệ chơi + bảng so sánh Việt Nam – Trung Quốc – Hàn Quốc và ghi chú cỡ mẫu.
B17: v1.6 · 26/09/2026 | C17: Thêm trang MÁY CHỦ TRUNG - HÀN: số liệu thật của TopMeta (Trung Quốc) và OP.GG (Hàn/quốc tế) + cách build từng bước 6 đội hình đang được spam, kèm điều kiện cần.
B18: v1.5 · 25/09/2026 | C18: CẬP NHẬT BẢN VÁ 18.3b: 4 lõi bị Riot tắt tạm thời (Tà Thuật, Ân Huệ Thách Đấu, Bảo Hộ Vô Tận, Nhân Bản), Kha'Zix và Gai Đen bị giảm, xếp lại thứ hạng đội hình. Tên file nay có phiên bản + ngày ở ĐẦU tên.
B19: NGUỒN THAM KHẢO (bấm để mở)
B20: GGMeo – Tên tướng, tộc/hệ, trang bị, lõi (tiếng Việt, mùa 18) | C20: https://ggmeo.com/he-toc-dtcl
B21: GGMeo – Danh sách trang bị mùa 18 | C21: https://ggmeo.com/trang-bi-dtcl
B22: GGMeo – Danh sách lõi nâng cấp mùa 18 | C22: https://ggmeo.com/loi-tft
B23: Sforum CellphoneS – Tộc/hệ ĐTCL mùa 18 | C23: https://cellphones.com.vn/sforum/toc-he-dtcl-mua-18
B24: LDPlayer – Tinh Linh ĐTCL mùa 18 | C24: https://vnm.ldplayer.net/blog/tinh-linh-dtcl-mua-18.html
B25: MetaTFT.GG – Cơ chế Tinh Linh | C25: https://metatft.gg/tinh-linh/
B26: TFT Academy – Xếp hạng đội hình | C26: https://tftacademy.com/tierlist/comps
B27: BunnyMuffins – Meta mới nhất | C27: https://bunnymuffins.lol/meta/
B28: BunnyMuffins – Hướng dẫn lên cấp & kinh tế | C28: https://bunnymuffins.lol/tft-leveling-guide/
B29: TFT Flow – Xếp hạng đội hình | C29: https://tftflow.com/tier-list
B30: TFTactics – Xếp hạng đội hình | C30: https://tftactics.gg/tierlist/team-comps/
B31: Mobalytics – Xếp hạng lõi nâng cấp | C31: https://mobalytics.gg/tft/tier-list/augments
... B40: MetaBot – Bảng ghép đồ mùa 18 (Xẻng / Chảo) | C40: https://metabot.gg/en/TFT/18/items/cheat-sheet
B42: Lưu ý: Xếp hạng và cách lên đồ là tổng hợp từ nhiều nguồn, có thể khác nhau giữa các trang. Tên tộc/hệ, trang bị, lõi theo bản tiếng Việt của game (nguồn GGMeo); tên Tinh Linh có dấu * là tên dịch nghĩa. Đội mạnh thay đổi theo từng phiên bản – luôn kiểm tra mô tả trong game. Tài liệu không liên kết chính thức với Riot Games.

Sheet DATA
A1: name | B1: tier | C1: style | D1: diff | E1: cost | F1: rank | G1: traits | H1: overview | I1: level | J1: opener | K1: mid | L1: u1 | M1: u2 | N1: u3 | O1: u4 | P1: u5 | Q1: u6 | R1: u7 | S1: u8 | T1: u9 | U1: c1 | V1: c1i1 | W1: c1i2 | X1: c1i3 | Y1: c1n | Z1: c2 | AA1: c2i1 | AB1: c2i2 | AC1: c2i3 | AD1: c2n | AE1: t | AF1: ti1 | AG1: ti2 | AH1: ti3 | AI1: tn | AJ1: prio | AK1: augs | AL1: when | AM1: pos | AN1: tips | AO1: weak | AP1: tpl | AQ1: card | AZ1: uname | BA1: ucost | BB1: utraits | BC1: umeta | BF1: iname | BG1: ivn | BH1: irole | BI1: ieff | BJ1: iusers | BK1: irecipe | BN1: complabel | BO1: compstat | CA1: compfor | CD1: pname | CE1: pnote | CF1: p0 | CG1: p1 | CH1: p2 | CI1: p3 | CJ1: p4 | CK1: p5 | CL1: p6 | CM1: p7 | CN1: p8 | CO1: p9 | CP1: p10 | CQ1: p11 | CR1: p12 | CS1: p13 | CT1: p14 | CU1: p15 | CV1: p16 | CW1: p17 | CX1: p18 | CY1: p19 | CZ1: p20 | DA1: p21 | DB1: p22 | DC1: p23 | DD1: p24 | DE1: p25 | DF1: p26 | DG1: p27 | DN1: pkey | DO1: plv | DP1: pgold | DQ1: pact | DR1: plvnum | DS1: pevent | DV1: strat | DW1: stratcomps | DX1: stage | DY1: streak | DZ1: streaktxt | EA1: hp | EB1: hptxt | EC1: gold | ED1: done | EE1: odl | EF1: o1 | EG1: o2 | EH1: o3 | EI1: o4 | EJ1: o5 | EK1: cost | EL1: pool | EM1: nunits | EN1: left | EO1: lvl | EP1: tname | EQ1: ttype | ER1: tbp | ES1: teff | ET1: tunits
A2: Đao Phủ Azir – Soraka & Zyra (Thực Vật) | B2: S | C2: Lên 8 nhanh | D2: Trung bình | E2: 4 vàng | F2: 1 | G2: 4 Đao Phủ (có Ấn) · 3 Tinh Nghịch · 2 Thực Vật · 2 Triệu Hồi · 2 Gai Đen · 2 Thuật Sư · 2 Vệ Quân · Vườn Gai | H2: ĐỘI TỐT NHẤT MÁY CHỦ VN (18.3b: hạng TB 2.69, top 4 84,8%). Soraka + Zyra gây sát thương phép có chí mạng (Đao Phủ); Azir triệu hồi lính; Veigar + Teemo + Rammus bật Tinh Nghịch cho Rammus cưỡi Bạn Lông Xù làm tường thịt; Fiddlesticks hồi máu (Thực Vật). | I2: Cấp 7 ở 3-5 → lên 8 ở 4-2, đổi tướng tìm Soraka + Zyra 2 sao → lên 9 thêm Malphite. | J2: Mở đầu đội phép rẻ: Veigar, Teemo, Rek'Sai/Kobuko. Ghép sớm Găng Bảo Thạch / Nanh Nashor cho Veigar làm chủ lực tạm. | K2: Cấp 7: Veigar, Teemo, Azir, Fiddlesticks, Rammus, Kennen/Zyra + chủ lực tạm. Rammus cưỡi Bạn Lông Xù. | L2: Veigar | M2: Teemo | N2: Azir | O2: Fiddlesticks | P2: Rammus | Q2: Soraka | R2: Zyra | S2: Kennen | T2: Malphite | U2: Soraka | V2: Găng Bảo Thạch | W2: Nanh Nashor | X2: Mũ Phù Thủy Rabadon | Y2: Mũ Thích Nghi thay Rabadon · Tạo Tác: Lõi Bình Minh, Kiếm Tai Ương | Z2: Zyra | AA2: Găng Bảo Thạch | AB2: Trượng Hư Vô | AC2: Ngọn Giáo Shojin | AD2: Ấn Đao Phủ đeo cho Zyra = mở Đao Phủ 4 (tốt nhất) | AE2: Rammus | AF2: Thú Tượng Thạch Giáp | AG2: Vương Miện Hoàng Gia | AH2: Áo Choàng Gai | AI2: Fiddlesticks: Nỏ Sét / Áo Choàng Lửa · Malphite (cấp 9): Giáp Máu Warmog | AJ2: Gậy Quá Khổ > Găng Đấu Tập > Nước Mắt Nữ Thần > Giáp Lưới > Áo Choàng Bạc | AK2: Thực Vật Hấp Thụ, Khiên Đơn Đấu, Đam Mê Gậy, Giữ Vững Hàng Ngũ, Ấn Đao Phủ | AL2: Có đồ phép + Găng; ít đội phép khác trong phòng. ⚠ 18.4 (07/10): Đao Phủ chảy máu giảm nhẹ (40% → 35%) – vẫn rất mạnh. | AM2: Soraka & Zyra hàng sau ở 2 góc; Rammus (cưỡi Bạn Lông Xù) + Fiddlesticks hàng đầu giữa; cây của Zyra lấp khoảng trống phía trước. | AN2: Đây là đội Azir + Rammus + Teemo + Fiddlesticks + Veigar + Zyra + Soraka – số liệu VN xác nhận mạnh nhất · Ấn Đao Phủ → Zyra · Ấn Thuật Sĩ → Soraka · Giữ từ 6 cây Zyra sống để Vườn Gai lên 10%. | AO2: Đội dồn sát thương phép nhanh; Soraka bị bắt sớm; 2 người cùng ép Soraka/Zyra. | AP2: Chủ lực ở góc (chuẩn) | AQ2: 7 | AZ2: Akali | BA2: 1 | BB2: Hỏa Ngục, Thích Ứng, Tàn Phá | BC2: Akali Mặt Trời | BF2: Kiếm Tử Thần | BG2: Kiếm BF + Kiếm BF | BH2: Chủ lực vật lý | BI2: Nhiều SMCK + Khuếch Đại Sát Thương. | BJ2: Draven, Sivir, Aphelios, Ezreal | BK2: Kiếm BF + Kiếm BF | BN2: Kiếm BF | BO2: + SMCK (Sức Mạnh Công Kích) | BQ2: Kiếm Tử Thần | BR2: Diệt Khổng Lồ | BS2: Kiếm Súng Hextech | BT2: Ngọn Giáo Shojin | BU2: Áo Choàng Bóng Tối | BV2: Huyết Kiếm | BW2: Móng Vuốt Sterak | BX2: Vô Cực Kiếm | BY2: Ấn (Kiếm BF + Xẻng) | CA2: • Đao Phủ Azir – Soraka & Zyra (Thực Vật) [S] → Ngọn Giáo Shojin • Nidalee & Aphelios Mặt Trăng [S] → Vô Cực Kiếm, Ngọn Giáo Shojin, Móng Vuốt Sterak • Sivir & Nidalee Nguyên Sinh [S] → Vô Cực Kiếm, Kiếm Tử Thần, Ngọn Giáo Shojin, Móng Vuốt Sterak • Kha'Zix Khắc Tinh (Thần Rừng Đao Phủ) [A] → Áo Choàng Bóng Tối, Vô Cực Kiếm • Ahri & Morgana Thuật Sĩ [A] → Ngọn Giáo Shojin • Ashe Hoa Linh Lên 9 [A] → Ngọn Giáo Shojin • Rồng Ngàn Tuổi Quái Rừng [A] → Vô Cực Kiếm, Móng Vuốt Sterak, Áo Choàng Bóng Tối | CD2: Chủ lực ở góc (chuẩn) | CE2: Chủ lực chính ở góc hàng cuối, chủ lực phụ ở góc đối diện để né kỹ năng diện rộng. Đỡ đòn dàn 4 ô hàng đầu, 1 hỗ trợ (Taric/Thuật Sĩ) đứng sau đỡ đòn. | CG2: 🛡 ĐỠ ĐÒN | CH2: 🛡 ĐỠ ĐÒN | CJ2: 🛡 ĐỠ ĐÒN | CK2: 🛡 ĐỠ ĐÒN | CO2: ✚ HỖ TRỢ | DA2: ⚔ CHỦ LỰC | DB2: ✚ HỖ TRỢ | DF2: 🏹 CHỦ LỰC 2 | DN2: Lên 8 nhanh (tướng 4 vàng)|1-x | DO2: 3 | DP2: — | DQ2: Nhặt đồ theo hướng đội hình; mua cặp tướng; chưa đổi tướng. | DR2: 3 | DS2: Băng chuyền mở màn + đánh quái | DV2: Lên 8 nhanh (tướng 4 vàng) | DW2: • [S] Đao Phủ Azir – Soraka & Zyra (Thực Vật) • [S] Nidalee & Aphelios Mặt Trăng • [S] Sivir & Nidalee Nguyên Sinh • [A] Ahri & Morgana Thuật Sĩ • [C] Cassiopeia Tiên Hắc Ám (Tà Thuật – ĐANG TẮT) | DX2: 1-x | DY2: Đang THẮNG liên tiếp | DZ2: Giữ chuỗi bằng cách lên cấp sớm hơn 1 mốc & mua Tinh Linh giao tranh rẻ. Chưa đổi tướng; dùng vàng thưởng chuỗi để lên cấp. | EA2: Trên 70 máu | EB2: Rất an toàn: có thể tham kinh tế thêm 1 mốc, bỏ Tinh Linh giao tranh, chưa đổi tướng trước mốc. | EC2: 0 | ED2: ✅ Đã làm | EE2: 1 | EF2: 100 | EG2: 0 | EH2: 0 | EI2: 0 | EJ2: 0 | EK2: 1 | EL2: 30 | EM2: 14 | EN2: 1 | EO2: 1 | EP2: Hoa Linh | EQ2: Tộc (cơ chế) | ER2: 3 / 5 / 7 / 9 / 11 | ES2: Sau mỗi trận, Tinh Linh được cường hoá. (3) nâng cấp Tinh Linh + SMPT · (5) Tinh Linh xuất hiện ở MỌI lượt cửa hàng · (7) +4 vàng mỗi lần mua Tinh Linh · (9) mua 2 Tinh Linh/vòng · (11) Tinh Linh tràn đầy. Phải ra sân đủ 3 Hoa Linh mới có Tinh Linh nâng cấp. ⚠ 18.3: hàng loạt Tinh Linh của Hoa Linh bị giảm sức mạnh (sát thương, máu, vàng) → đội Hoa Linh yếu hơn trước. | ET2: Karma (1💰), Yorick (1💰), Yunara (2💰), Master Yi (3💰), Ahri (4💰), Sett (4💰), Ashe (5💰), Lux (5💰)
A3: Nidalee & Aphelios Mặt Trăng | B3: S | C3: Lên 8 nhanh | D3: Trung bình | E3: 4 vàng | F3: 2 | G3: 2 Mặt Trăng · 2 Liên Kích · 2 Nguyên Sinh · 2 Thích Ứng · 2 Dũng Sĩ · 2 Tiên Phong · 2 Hỏa Ngục · Ăn Mòn | H3: ⚠ 18.3: Nidalee dạng vật lý bị giảm nhẹ (dạng phép được buff). Hai chủ lực vật lý 4 vàng. Không cần đồ tiện ích: Kog'Maw giảm giáp/kháng phép, Hỏa Ngục gây Vết Thương → được ghép đồ sát thương ngay từ sớm. | I3: Cấp 4 (có tướng lên 2 sao) → 5 → 6 (nếu thắng liên tiếp ≥ 4) → 7 → 8 ở Giai đoạn 4 (4-1/4-2) đổi tướng cho ổn → 9 khi máu cao. | J3: Mở đầu Tàn Phá: Camille, Akali, Warwick, Sói Hắc Ám, Shen, Varus. Ghép sớm đồ vật lý / tốc độ đánh. | K3: Cấp 7: Varus, Diana, Kog'Maw, Vi, Amumu, Shen + chủ lực tạm; giữ Aphelios/Nidalee nếu gặp. | L3: Varus | M3: Diana | N3: Kog'Maw | O3: Vi | P3: Amumu | Q3: Aphelios | R3: Nidalee | S3: Người Đá | T3: Taric | U3: Aphelios | V3: Cuồng Đao Guinsoo | W3: Vô Cực Kiếm | X3: Thịnh Nộ Thủy Quái | Y3: Thay thế: Kiếm Tử Thần, Cung Xanh · Tạo Tác: Đại Bác Hải Tặc | Z3: Nidalee | AA3: Vô Cực Kiếm | AB3: Ngọn Giáo Shojin | AC3: Móng Vuốt Sterak | AD3: Thay thế: Áo Choàng Bóng Tối + Áo Choàng Thủy Ngân + Vô Cực Kiếm · Tạo Tác: Chùy Bạch Ngân | AE3: Amumu | AF3: Thú Tượng Thạch Giáp | AG3: Giáp Máu Warmog | AH3: Giáp Tâm Linh | AI3: Người Đá: 2–3 Lời Thề Hộ Vệ, Áo Choàng Lửa | AJ3: Kiếm BF > Găng Đấu Tập > Cung Gỗ > Nước Mắt Nữ Thần > Giáp Lưới | AK3: Thợ Rèn Kiếm, Đam Mê Kiếm, Thép Mạ Vàng, Quái Thú Bên Trong | AL3: Có nhiều Kiếm BF/Găng; có Tạo Tác Đại Bác Hải Tặc; không ai tranh Nidalee. | AM3: Aphelios đứng cạnh tướng Mặt Trăng (Diana) để được tăng sức mạnh; Nidalee đặt ở cánh yếu để lao vào mục tiêu ít đồ trong 3 ô. | AN3: Nguyên Sinh: chọn Phúc Lành HỔ · Sau khi hạ gục, Nidalee nhảy vào tướng ít đồ nhất trong 3 ô → đặt ở cánh yếu để bắt chủ lực địch. | AO3: Đội nhiều giáp + khống chế; bị tranh Nidalee (đội Sivir & Nidalee cũng dùng). | AP3: Sát thủ đánh vào cánh yếu | AQ3: 15 | AZ3: Camille | BA3: 1 | BB3: Tiên Hắc Ám, Tàn Phá | BC3: Akali Mặt Trời | BF3: Diệt Khổng Lồ | BG3: Kiếm BF + Cung Gỗ | BH3: Chủ lực | BI3: Gây thêm sát thương lên mục tiêu nhiều Máu – tốt khi gặp đội nhiều đỡ đòn. | BJ3: Tristana, Caitlyn, Draven | BK3: Kiếm BF + Cung Gỗ | BN3: Cung Gỗ | BO3: + Tốc Độ Đánh | BQ3: Diệt Khổng Lồ | BR3: Bùa Đỏ | BS3: Cuồng Đao Guinsoo | BT3: Trượng Hư Vô | BU3: Quyền Năng Khổng Lồ | BV3: Thịnh Nộ Thủy Quái | BW3: Nanh Nashor | BX3: Cung Xanh | BY3: Ấn (Cung Gỗ + Xẻng) | CA3: • Đao Phủ Azir – Soraka & Zyra (Thực Vật) [S] → Nanh Nashor, Trượng Hư Vô • Nidalee & Aphelios Mặt Trăng [S] → Cuồng Đao Guinsoo, Thịnh Nộ Thủy Quái • Kha'Zix Khắc Tinh (Thần Rừng Đao Phủ) [A] → Cuồng Đao Guinsoo, Thịnh Nộ Thủy Quái • Ahri & Morgana Thuật Sĩ [A] → Trượng Hư Vô • Ashe Hoa Linh Lên 9 [A] → Bùa Đỏ, Cung Xanh, Nanh Nashor • Draven Lên 9 (Thần Rừng Đao Phủ) [A] → Cuồng Đao Guinsoo, Thịnh Nộ Thủy Quái, Cung Xanh, Bùa Đỏ • Caitlyn Dũng Sĩ Thợ Săn [B] → Cuồng Đao Guinsoo, Thịnh Nộ Thủy Quái, Diệt Khổng Lồ, Cung Xanh | CD3: Chống sát thủ | CE3: Đặt 1 tướng MỒI (rẻ) ở góc, chủ lực lùi vào 1 ô; tướng hỗ trợ đứng cạnh chủ lực để hứng sát thủ nhảy vào. | CG3: 🛡 ĐỠ ĐÒN | CH3: 🛡 ĐỠ ĐÒN | CI3: 🛡 ĐỠ ĐÒN | CK3: 🛡 ĐỠ ĐÒN | DA3: 🎯 MỒI | DB3: ⚔ CHỦ LỰC | DC3: ✚ HỖ TRỢ | DF3: ✚ HỖ TRỢ | DG3: 🏹 CHỦ LỰC 2 | DN3: Lên 8 nhanh (tướng 4 vàng)|2-1 | DO3: 4 | DP3: ≥ 10 sau khi lên | DQ3: Lên cấp 4 · Lõi 1 kinh tế/trang bị · Ghép sớm 1–2 món mạnh cho tướng tạm. | DR3: 4 | DS3: Chọn Lõi 1 | DV3: Lên 9 nhanh (tướng 5 vàng) | DW3: • [A] Ashe Hoa Linh Lên 9 • [A] Rồng Ngàn Tuổi Quái Rừng • [A] Draven Lên 9 (Thần Rừng Đao Phủ) | DX3: 2-1 | DY3: Đang THUA liên tiếp | DZ3: Thua có tính toán: bán tướng lấy vàng, không lên cấp sớm, tích lãi 50. Lưu ý: ngắt chuỗi thua ở Giai đoạn 3 nếu máu < 50. | EA3: Từ 40 đến 70 máu | EB3: Theo đúng lộ trình chuẩn. Thua 2 trận liên tiếp ở Giai đoạn 4 → đổi tướng cho ổn định. | EC3: 5 | ED3: ⬜ Chưa | EE3: 2 | EF3: 75 | EG3: 25 | EH3: 0 | EI3: 0 | EJ3: 0 | EK3: 2 | EL3: 25 | EM3: 13 | EN3: 2 | EO3: 2 | EP3: Quái Rừng | EQ3: Tộc (cơ chế) | ER3: 3 / 5 / 7 / 10 | ES3: (3) Chọn 1 tướng giữ Dấu Ấn Đầu Đàn để nhận hiệu ứng riêng · (5) cứ 3 trận cửa hàng lại 'tràn ngập' Quái Rừng · (7) mỗi 5 giây tăng SMCK/SMPT/Tốc Độ Đánh, Giáp/Kháng Phép, Máu, hồi Năng Lượng · (10) +2 giới hạn đội hình. Rồng Ngàn Tuổi tính +2. | ET3: Mầm Non (1💰), Sỏi (1💰), Cóc Thành Tinh (2💰), Sói Hắc Ám (2💰), Cua Kỳ Cục (2💰), Quái Đá Krug (3💰), Chim Mẹ (3💰), Bụi Gai Đỏ (4💰), Người Đá (4💰), Rồng Ngàn Tuổi (5💰)
A4: Sivir & Nidalee Nguyên Sinh | B4: S | C4: Lên 8 nhanh | D4: Trung bình | E4: 4 vàng | F4: 3 | G4: 3 Thợ Săn · 3 Quái Rừng · 2 Nguyên Sinh · 2 Thích Ứng · 2 Gai Đen · 2 Đấu Sĩ · 2 Thuật Sĩ · Cự Thạch | H4: Hai chủ lực vật lý Nguyên Sinh + Malphite đỡ đòn cực lì nhờ hiến tế Gai Đen và tộc Cự Thạch. | I4: Lên 8 nhanh chuẩn; lên 8 ở Giai đoạn 4, đổi tướng tới khi đỡ đòn + chủ lực 2 sao; lên 9 nếu máu cho phép để thêm Ashe. | J4: Mở đầu Tàn Phá (Camille, Akali, Shen) hoặc Quái Rừng vật lý (Mầm Non, Sói Hắc Ám). Ghép sớm Vô Cực Kiếm. | K4: Cấp 7: Mầm Non, Rek'Sai, Quái Đá Krug, Kog'Maw, Vi, Warwick + Malphite/Sivir nếu gặp. | L4: Mầm Non | M4: Rek'Sai | N4: Quái Đá Krug | O4: Kog'Maw | P4: Malphite | Q4: Nidalee | R4: Sivir | S4: Người Đá | T4: Ashe | U4: Sivir | V4: Vô Cực Kiếm | W4: Kiếm Tử Thần | X4: Bùa Xanh | Y4: Ngọn Giáo Shojin thay Bùa Xanh; Chùy Đoản Côn / Bùa Đỏ | Z4: Nidalee | AA4: Vô Cực Kiếm | AB4: Ngọn Giáo Shojin | AC4: Móng Vuốt Sterak | AD4: Bàn Tay Công Lý thay Móng Vuốt Sterak | AE4: Malphite | AF4: Thú Tượng Thạch Giáp | AG4: Vương Miện Hoàng Gia | AH4: Giáp Máu Warmog | AI4: Tạo Tác: Huy Hiệu Thánh Khiên / Khiên Hừng Đông (lên hạng S) | AJ4: Kiếm BF > Găng Đấu Tập > Nước Mắt Nữ Thần > Giáp Lưới > Áo Choàng Bạc | AK4: Thợ Rèn Kiếm, Đam Mê Kiếm (+2 bậc), Xúc Xắc Hoành Tráng, Xúc Xắc Vô Tận, Ấn Thợ Săn / Nguyên Sinh | AL4: Nhiều Kiếm BF; có Ấn Thợ Săn/Nguyên Sinh; ít người chơi Nidalee. | AM4: Malphite giữa hàng đầu (bị nhiều tướng nhắm → Cự Thạch mạnh hơn); Sivir góc sau; Nidalee ở cánh yếu. | AN4: Nguyên Sinh: chọn HỔ, chọn GẤU khi cần kết liễu · Đặt 1 tướng dư (ví dụ Quái Đá Krug) lên ô hiến tế Gai Đen để Malphite nhận chỉ số · Phải có Ashe để hoàn thiện đội. | AO4: Tranh Nidalee với đội Nidalee & Aphelios; đội nhiều giáp nếu thiếu Cung Xanh. | AP4: Sát thủ đánh vào cánh yếu | AQ4: 23 | AZ4: Mầm Non | BA4: 1 | BB4: Quái Rừng, Thợ Săn | BC4: Sivir & Nidalee Nguyên Sinh, Mầm Non Quái Rừng | BF4: Kiếm Súng Hextech | BG4: Kiếm BF + Gậy Quá Khổ | BH4: Chủ lực lai | BI4: Hút Máu Toàn Phần, hồi máu cho đồng minh yếu nhất. | BJ4: Cassiopeia, Aphelios | BK4: Kiếm BF + Gậy Quá Khổ | BN4: Gậy Quá Khổ | BO4: + SMPT (Sức Mạnh Phép Thuật) | BQ4: Kiếm Súng Hextech | BR4: Cuồng Đao Guinsoo | BS4: Mũ Phù Thủy Rabadon | BT4: Quyền Trượng Thiên Thần | BU4: Vương Miện Hoàng Gia | BV4: Nỏ Sét | BW4: Quỷ Thư Morello | BX4: Găng Bảo Thạch | BY4: Ấn (Gậy + Xẻng) | CA4: • Đao Phủ Azir – Soraka & Zyra (Thực Vật) [S] → Găng Bảo Thạch, Mũ Phù Thủy Rabadon • Nidalee & Aphelios Mặt Trăng [S] → Cuồng Đao Guinsoo • Kha'Zix Khắc Tinh (Thần Rừng Đao Phủ) [A] → Mũ Phù Thủy Rabadon, Cuồng Đao Guinsoo • Ahri & Morgana Thuật Sĩ [A] → Găng Bảo Thạch, Quỷ Thư Morello, Mũ Phù Thủy Rabadon • Ashe Hoa Linh Lên 9 [A] → Găng Bảo Thạch • Draven Lên 9 (Thần Rừng Đao Phủ) [A] → Cuồng Đao Guinsoo • Caitlyn Dũng Sĩ Thợ Săn [B] → Cuồng Đao Guinsoo | CD4: Dàn trải chống diện rộng | CE4: Dàn tướng cách nhau 1 ô để kỹ năng diện rộng (Ahri, Ashe, Morgana) không trúng nhiều tướng cùng lúc. | CF4: 🛡 ĐỠ ĐÒN | CH4: 🛡 ĐỠ ĐÒN | CJ4: 🛡 ĐỠ ĐÒN | CL4: 🛡 ĐỠ ĐÒN | CU4: ✚ HỖ TRỢ | CY4: ✚ HỖ TRỢ | DA4: ⚔ CHỦ LỰC | DD4: 🏹 CHỦ LỰC 2 | DN4: Lên 8 nhanh (tướng 4 vàng)|2-3 | DO4: 4 | DP4: 10–20 | DQ4: Giữ mốc lãi; mua Tinh Linh 0–1 vàng; bán tướng lẻ không có cặp. | DR4: 4 | DS4: Đấu người | DV4: Săn 3 sao tướng 1 vàng | DW4: • [B] Veigar Thực Vật Hấp Thụ (Tinh Nghịch) • [B] Mầm Non Quái Rừng • [C] Akali Mặt Trời | DX4: 2-3 | DY4: Thắng/thua xen kẽ | DZ4: Tệ nhất cho kinh tế → chọn hẳn 1 hướng: tăng sức mạnh để thắng liên tiếp, hoặc tham vàng. Đừng lửng lơ. | EA4: Dưới 40 máu | EB4: NGUY HIỂM: dồn vàng vào sức mạnh ngay (đổi tướng/lên cấp), mua Tinh Linh giao tranh, xếp vị trí đối phó người mạnh nhất. Mục tiêu: vào top 4. | EC4: 10 | EE4: 3 | EF4: 75 | EG4: 25 | EH4: 0 | EI4: 0 | EJ4: 0 | EK4: 3 | EL4: 18 | EM4: 14 | EN4: 3 | EO4: 3 | EP4: Thần Rừng | EQ4: Tộc (cơ chế) | ER4: 3 / 5 / 7 / 9 / 11 | ES4: Nhận cây đặt lên sân: (3) 1 Cây Đá + 1 Hoa Sinh Mệnh · (5) thêm 1 Cây Đá + Máu · (7) thêm Hộ Vệ Rừng Sâu · (9) cây lên 2 sao · (11) cây lên 3 sao. | ET4: Ornn (1💰), Xayah (1💰), Alistar (2💰), LeBlanc (2💰), Hecarim (3💰), Ezreal (4💰), Gnar (5💰), Lux (5💰)
A5: Kha'Zix Khắc Tinh (Thần Rừng Đao Phủ) | B5: A | C5: Săn 3 sao 3 vàng (đổi tướng ở cấp 7) | D5: Trung bình | E5: 3 vàng | F5: 4 | G5: 3 Đao Phủ · 3 Thần Rừng · 2 Thực Vật · 2 Vệ Quân · 2 Mặt Trăng · Khắc Tinh | H5: ⚠ 18.3b giảm sát thương Kha'Zix (285/400/580 → 265/370/535) nên đội hạ nhiệt, vẫn nằm nhóm mạnh. Kha'Zix 3 sao tiến hoá theo số lần hạ gục (8 / 30 / 60), có Tạo Tác Kiếm Tai Ương là gần như thắng. Cây của Thần Rừng giữ tuyến trước rất tốt. | I5: 4 → 5 → 6 → 7 (3-5) rồi ĐỔI TƯỚNG tới khi gần hết vàng (giữ tối thiểu 10) để có Kha'Zix 3 sao + đỡ đòn 2–3 sao → chỉ lên 8 sau khi đã đủ 3 sao. | J5: Mua Kha'Zix từ 2-1 → 2-3, ghép sớm Áo Choàng Bóng Tối. Mở đầu Thần Rừng: Ornn, Xayah, Alistar, LeBlanc. | K5: Cấp 6–7: Ornn, Hecarim, Fiddlesticks, Diana, Kha'Zix + giữ mọi bản Kha'Zix gặp được. | L5: Ornn | M5: Hecarim | N5: Fiddlesticks | O5: Diana | P5: Kha'Zix | Q5: Soraka | R5: Aphelios | S5: Ezreal | U5: Kha'Zix | V5: Áo Choàng Bóng Tối | W5: Bàn Tay Công Lý | X5: Mũ Phù Thủy Rabadon | Y5: Tạo Tác Kiếm Tai Ương là đồ chuẩn số 1 (đẩy đội lên mức cao nhất) · Thay thế: Găng Bảo Thạch, Chùy Đoản Côn | Z5: Aphelios | AA5: Cuồng Đao Guinsoo | AB5: Vô Cực Kiếm | AC5: Thịnh Nộ Thủy Quái | AD5: Chủ lực phụ; Ezreal cũng cầm được đồ dư (Ngọn Giáo Shojin, Cung Xanh) | AE5: Hecarim | AF5: Thú Tượng Thạch Giáp | AG5: Áo Choàng Lửa | AH5: Giáp Máu Warmog | AI5: Ornn: Áo Choàng Gai, Giáp Tâm Linh · Cây Thần Rừng lấp tuyến trước | AJ5: Gậy Quá Khổ > Kiếm BF > Nước Mắt Nữ Thần > Giáp Lưới | AK5: Kiếm Tai Ương (Tạo Tác), Không Đối Thủ, Ấn Đao Phủ, Nồi Nấu Ăn, Giữ Vững Hàng Ngũ | AL5: Gặp Kha'Zix sớm (2-1 → 2-3) hoặc nhận Kha'Zix từ quả cầu; có Áo Choàng Bóng Tối. | AM5: Đặt Kha'Zix CÙNG PHÍA với chủ lực của đối thủ để nhảy vào; đỡ đòn và cây Thần Rừng chắn phía trước. | AN5: Thứ tự tiến hoá: Tàn Phá > Đao Phủ > Liên Kích > Thuật Sư · Có lõi Không Đối Thủ thì ra sân cả Rengar · Ưu tiên hạ gục liên tục để tiến hoá sớm. | AO5: Không hit 3 sao trước 4-2; đội dồn cục nhiều khống chế. | AP5: Sát thủ đánh vào cánh yếu | AQ5: 31 | AZ5: Karma | BA5: 1 | BB5: Hoa Linh, Thuật Sư | BC5: Ahri & Morgana Thuật Sĩ, Ashe Hoa Linh Lên 9, Yunara Mặt Trời | BF5: Ngọn Giáo Shojin | BG5: Kiếm BF + Nước Mắt Nữ Thần | BH5: Chủ lực tung chiêu | BI5: Đòn đánh hồi thêm Năng Lượng → tung chiêu liên tục. | BJ5: Ahri, Ashe, Nidalee, Ezreal, Zyra, Kog'Maw | BK5: Kiếm BF + Nước Mắt Nữ Thần | BN5: Nước Mắt Nữ Thần | BO5: + Năng Lượng | BQ5: Ngọn Giáo Shojin | BR5: Trượng Hư Vô | BS5: Quyền Trượng Thiên Thần | BT5: Bùa Xanh | BU5: Lời Thề Hộ Vệ | BV5: Mũ Thích Nghi | BW5: Giáp Tâm Linh | BX5: Bàn Tay Công Lý | BY5: Ấn (Nước Mắt + Xẻng) | CA5: • Đao Phủ Azir – Soraka & Zyra (Thực Vật) [S] → Trượng Hư Vô, Ngọn Giáo Shojin • Nidalee & Aphelios Mặt Trăng [S] → Ngọn Giáo Shojin • Sivir & Nidalee Nguyên Sinh [S] → Bùa Xanh, Ngọn Giáo Shojin • Kha'Zix Khắc Tinh (Thần Rừng Đao Phủ) [A] → Bàn Tay Công Lý • Ahri & Morgana Thuật Sĩ [A] → Ngọn Giáo Shojin, Trượng Hư Vô • Ashe Hoa Linh Lên 9 [A] → Ngọn Giáo Shojin • Rồng Ngàn Tuổi Quái Rừng [A] → Bàn Tay Công Lý | CD5: Cận chiến dồn cục | CE5: Dồn đỡ đòn + chủ lực cận chiến ở giữa để cùng lao vào giao tranh, hiệu ứng lan (Mặt Trăng/Tiên Phong) hiệu quả hơn. | CH5: 🛡 ĐỠ ĐÒN | CI5: 🛡 ĐỠ ĐÒN | CJ5: 🛡 ĐỠ ĐÒN | CO5: ⚔ CHỦ LỰC | CP5: ✚ HỖ TRỢ | CQ5: 🏹 CHỦ LỰC 2 | DD5: ✚ HỖ TRỢ | DN5: Lên 8 nhanh (tướng 4 vàng)|2-5 | DO5: 5 | DP5: 20–30 | DQ5: Lên cấp 5 (chuỗi thắng: ở 2-5; chuỗi thua: có thể đã lên ở 2-3). | DR5: 5 | DS5: Đấu người (sau băng chuyền 2-4) | DV5: Săn 3 sao tướng 2 vàng | DW5: • [B] Caitlyn Dũng Sĩ Thợ Săn • [B] Yunara Mặt Trời (săn 3 sao) • [C] Kayle Mặt Trời Liên Kích | DX5: 2-5 | EC5: 15 | EE5: 4 | EF5: 55 | EG5: 30 | EH5: 15 | EI5: 0 | EJ5: 0 | EK5: 4 | EL5: 10 | EM5: 14 | EN5: 4 | EO5: 4 | EP5: Tinh Nghịch | EQ5: Tộc (cơ chế) | ER5: 3 / 5 / 7 | ES5: Nhận thú cưỡi 'Bạn Lông Xù'; thả 1 tướng Tinh Nghịch lên để chọn người cưỡi (kỹ năng đổi theo cận chiến/đánh xa). Người cưỡi nhận % Máu + Tốc Độ Đánh; mốc cao nhận toàn bộ kỹ năng của thú cưỡi. | ET5: Kobuko (1💰), Veigar (1💰), Teemo (2💰), Rammus (3💰), Tristana (3💰), Gnar (5💰)
A6: Ahri & Morgana Thuật Sĩ | B6: A | C6: Lên 8 nhanh | D6: Trung bình | E6: 4 vàng | F6: 5 | G6: 3 Thuật Sĩ · 3 Hoa Linh · 3 Quái Rừng · 2 Thuật Sư · 2 Đấu Sĩ · 2 Tiên Phong | H6: Đội phép dễ ráp nhất hiện tại: Ahri dọn hàng sau, Morgana giảm kháng phép; Thuật Sĩ giúp cả đội hồi năng lượng nhanh. Dễ hơn bản Hoa Linh thuần vì không cần Ashe. | I6: Cấp 4 (2-1) → 5 (2-5) → 6 (3-1) → 7 (3-5) → 8 (4-2) dồn vàng tìm Ahri/Morgana 2 sao → 9 (5-1/5-2) khi đội đã ổn. | J6: Mở đầu đội phép: Karma, Sỏi, Yorick, LeBlanc, Teemo. Ghép sớm Găng Bảo Thạch / Ngọn Giáo Shojin. | K6: Cấp 6–7: Karma, Sỏi, Quái Đá Krug, Teemo, Kog'Maw, Cua Kỳ Cục, thêm Sett/Morgana nếu gặp. Giữ 3 Thuật Sĩ để hồi năng lượng. | L6: Karma | M6: Sỏi | N6: Quái Đá Krug | O6: Sett | P6: Ahri | Q6: Morgana | R6: Người Đá | S6: Taric | T6: Lux | U6: Ahri | V6: Găng Bảo Thạch | W6: Ngọn Giáo Shojin | X6: Chùy Đoản Côn | Y6: Thay thế: Nanh Nashor · Tạo Tác: Khế Ước Vĩnh Hằng | Z6: Morgana | AA6: Quỷ Thư Morello | AB6: Trượng Hư Vô | AC6: Mũ Phù Thủy Rabadon | AD6: Bắt buộc có Quỷ Thư Morello + Trượng Hư Vô · Tạo Tác: Đá Hắc Hóa | AE6: Người Đá | AF6: Lời Thề Hộ Vệ | AG6: Áo Choàng Lửa | AH6: Thú Tượng Thạch Giáp | AI6: Sett: Giáp Máu Warmog, Thú Tượng Thạch Giáp, Giáp Tâm Linh | AJ6: Gậy Quá Khổ > Nước Mắt Nữ Thần > Găng Đấu Tập > Giáp Lưới | AK6: Ấn Thuật Sĩ (lên S+), Sinh Nhật Đoàn Tụ, Kỳ Vọng Bất Ngờ, Xúc Xắc Hoành Tráng | AL6: Đầu game nhận nhiều Gậy/Nước Mắt; có Ấn Thuật Sĩ; trong phòng ít người chơi đội phép. | AM6: Ahri & Morgana hàng cuối, tách 2 bên; Người Đá + Sett + Quái Đá Krug hàng đầu; Taric ghép cặp với chủ lực. | AN6: Luôn đưa đồ cho tướng nào lên 2 sao trước · Ở cấp 8 đừng dùng Kog'Maw – thay bằng tướng 5 vàng · Gặp đội giống mình thì đổi vị trí để né kỹ năng diện rộng. | AO6: Đội sát thủ nhảy vào hàng sau; đội nhiều Kháng Phép. | AP6: Chủ lực ở góc (chuẩn) | AQ6: 39 | AZ6: Kobuko | BA6: 1 | BB6: Tinh Nghịch, Đấu Sĩ | BC6: Veigar Thực Vật Hấp Thụ | BF6: Áo Choàng Bóng Tối | BG6: Kiếm BF + Giáp Lưới | BH6: Chủ lực cận chiến | BI6: Khi Máu thấp (18.2: dưới 40%) tàng hình ngắn + tăng Tốc Độ Đánh. | BJ6: Akali, Master Yi, Rengar, Kha'Zix, Bụi Gai Đỏ | BK6: Kiếm BF + Giáp Lưới | BN6: Giáp Lưới | BO6: + Giáp | BQ6: Áo Choàng Bóng Tối | BR6: Quyền Năng Khổng Lồ | BS6: Vương Miện Hoàng Gia | BT6: Lời Thề Hộ Vệ | BU6: Áo Choàng Gai | BV6: Thú Tượng Thạch Giáp | BW6: Áo Choàng Lửa | BX6: Trái Tim Kiên Định | BY6: Ấn (Giáp Lưới + Xẻng) | CA6: • Kha'Zix Khắc Tinh (Thần Rừng Đao Phủ) [A] → Áo Choàng Bóng Tối • Rồng Ngàn Tuổi Quái Rừng [A] → Áo Choàng Bóng Tối • Cassiopeia Vệ Quân [B] → Áo Choàng Lửa • Master Yi & Kog'Maw Thích Ứng [B] → Áo Choàng Bóng Tối, Quyền Năng Khổng Lồ • Akali Mặt Trời [C] → Áo Choàng Bóng Tối • Tristana & Rengar Tiên Linh [C] → Quyền Năng Khổng Lồ, Áo Choàng Bóng Tối | CD6: Sát thủ đánh vào cánh yếu | CE6: Nidalee/Kha'Zix đứng hàng đầu ở phía YẾU của đối thủ (bên ít đỡ đòn) để lao vào hàng sau; chủ lực đánh xa ở góc bên kia. | CG6: 🛡 ĐỠ ĐÒN | CH6: 🛡 ĐỠ ĐÒN | CI6: 🛡 ĐỠ ĐÒN | CL6: 🏹 CHỦ LỰC 2 | DA6: ⚔ CHỦ LỰC | DB6: ✚ HỖ TRỢ | DC6: ✚ HỖ TRỢ | DN6: Lên 8 nhanh (tướng 4 vàng)|3-1 | DO6: 6 | DP6: 30 | DQ6: Lên cấp 6 · Giữ 3 tướng mạnh nhất có cặp; chưa đổi tướng. | DR6: 6 | DS6: Đấu người (sau Quái Đá 2-7) | DV6: Săn 3 sao tướng 3 vàng | DW6: • [A] Kha'Zix Khắc Tinh (Thần Rừng Đao Phủ) • [B] Azir Triệu Hồi (săn 3 sao) • [B] Cassiopeia Vệ Quân • [B] Master Yi & Kog'Maw Thích Ứng • [C] Tristana & Rengar Tiên Linh | DX6: 3-1 | EC6: 20 | EE6: 5 | EF6: 45 | EG6: 33 | EH6: 20 | EI6: 2 | EJ6: 0 | EK6: 5 | EL6: 9 | EM6: 10 | EN6: 5 | EO6: 5 | EP6: Tiên Hắc Ám | EQ6: Tộc (cơ chế) | ER6: 3 / 4 / 5 / 7 | ES6: Thu Tinh Chất khi hạ gục tướng và (nhiều hơn) khi THUA trận. Đổi Tinh Chất lấy quà ngay hoặc tích lại đổi quà lớn. ✅ 18.3: tích Tinh Chất nhanh hơn → tộc này mạnh lên rõ rệt. | ET6: Camille (1💰), Caitlyn (2💰), Elise (2💰), Cassiopeia (3💰), Morgana (4💰), Lux (5💰)
A7: Ashe Hoa Linh Lên 9 | B7: A | C7: Lên 9 nhanh | D7: Khó | E7: 5 vàng | F7: 6 | G7: 5 Hoa Linh · 2 Thuật Sư · 2 Đấu Sĩ · 2 Dũng Sĩ · Tiên Phong | H7: ⚠ 18.3 giảm Tinh Linh; 18.3b chỉnh Ashe: vệt tên ngắn hơn nhưng sát thương theo thời gian tăng mạnh. Ashe bắn mưa tên phủ cả bàn, bào máu từ từ → rất hợp đồ tiện ích. Hoa Linh biến Tinh Linh thành nguồn kinh tế khổng lồ. | I7: Lên 9 nhanh: 4 → 5 → 6 → 7 → 8 (4-2) → 9 (5-1). Liên tục mua Tinh Linh kinh tế nhờ Hoa Linh. | J7: Mở đầu Hoa Linh: Karma, Yorick, Yunara + ghép đồ phép sớm. Ra sân đủ 3 Hoa Linh để có Tinh Linh nâng cấp. | K7: Cấp 7–8: Karma, Yorick, Yunara, Master Yi, Vi, Ahri, Sett. Giai đoạn 4 lên 5 Hoa Linh. | L7: Karma | M7: Yorick | N7: Ahri | O7: Sett | P7: Ashe | Q7: Maokai | R7: Taric | S7: Gnar | T7: Alune | U7: Ashe | V7: Ngọn Giáo Shojin | W7: Bùa Đỏ | X7: Cung Xanh | Y7: Bùa Xanh thay Ngọn Giáo · Bùa Đỏ Ánh Sáng là đồ tốt nhất | Z7: Ahri | AA7: Găng Bảo Thạch | AB7: Chùy Đoản Côn | AC7: Nanh Nashor | AD7: Ngọn Giáo Shojin / Bùa Xanh thay Nanh Nashor | AE7: Sett | AF7: Giáp Máu Warmog | AG7: Áo Choàng Gai | AH7: Vuốt Rồng | AI7: Maokai: Thú Tượng Thạch Giáp, Giáp Máu Warmog, Giáp Tâm Linh | AJ7: Nước Mắt Nữ Thần > Gậy Quá Khổ > Găng Đấu Tập > Cung Gỗ > Đai Khổng Lồ | AK7: Tinh Linh Hoàn Tiền (tốt nhất), Tiếng Gọi Hoa Linh, Thăng Tiến Cuối Trận, Kỷ Nguyên | AL7: Có Tiếng Gọi Hoa Linh / Tinh Linh Hoàn Tiền; nhiều Nước Mắt + Gậy; máu cao. | AM7: Ashe đặt ĐỐI DIỆN hướng địch dồn quân để mưa tên phủ rộng nhất; Sett + Maokai đỡ đòn phía trước. | AN7: Không bật/tắt Hoa Linh được – phải ra sân đủ 3 Hoa Linh mới có Tinh Linh nâng cấp · Mua Tinh Linh kinh tế, bỏ Tinh Linh giao tranh trừ khi cần giữ chuỗi · Bản 18.3 cắt mạnh sức mạnh Tinh Linh → đội này yếu hơn trước, cần máu cao và lên 9 sớm. | AO7: Bị ép máu sớm; nhiều người tranh Hoa Linh / Ahri. | AP7: Chủ lực ở góc (chuẩn) | AQ7: 47 | AZ7: Leona | BA7: 1 | BB7: Mặt Trời, Vệ Quân | BC7: Yunara Mặt Trời, Cassiopeia Vệ Quân, Akali Mặt Trời, Kayle Mặt Trời Liên Kích | BF7: Huyết Kiếm | BG7: Kiếm BF + Áo Choàng Bạc | BH7: Chủ lực | BI7: Hút Máu Toàn Phần + lá chắn khi Máu thấp (18.2: được tăng sức mạnh). | BJ7: Rengar (bản Thợ Săn), chủ lực vật lý cần trụ | BK7: Kiếm BF + Áo Choàng Bạc | BN7: Áo Choàng Bạc | BO7: + Kháng Phép | BQ7: Huyết Kiếm | BR7: Thịnh Nộ Thủy Quái | BS7: Nỏ Sét | BT7: Mũ Thích Nghi | BU7: Thú Tượng Thạch Giáp | BV7: Vuốt Rồng | BW7: Giáp Vai Nguyệt Thần | BX7: Áo Choàng Thủy Ngân | BY7: Ấn (Áo Choàng + Xẻng) | CA7: • Nidalee & Aphelios Mặt Trăng [S] → Thịnh Nộ Thủy Quái • Kha'Zix Khắc Tinh (Thần Rừng Đao Phủ) [A] → Thịnh Nộ Thủy Quái • Rồng Ngàn Tuổi Quái Rừng [A] → Áo Choàng Thủy Ngân • Draven Lên 9 (Thần Rừng Đao Phủ) [A] → Thịnh Nộ Thủy Quái • Caitlyn Dũng Sĩ Thợ Săn [B] → Thịnh Nộ Thủy Quái • Cassiopeia Vệ Quân [B] → Nỏ Sét • Akali Mặt Trời [C] → Áo Choàng Thủy Ngân | DN7: Lên 8 nhanh (tướng 4 vàng)|3-2 | DO7: 6 | DP7: 30–40 | DQ7: Lõi 2 khớp hướng đội hình · Đang thua liên tục: lên 6 tại đây nếu chưa lên. | DR7: 6 | DS7: Chọn Lõi 2 | DX7: 3-2 | EC7: 25 | EE7: 6 | EF7: 30 | EG7: 40 | EH7: 25 | EI7: 5 | EJ7: 0 | EN7: 6 | EO7: 6 | EP7: Gai Đen | EQ7: Tộc | ER7: 2 / 4 / 6 | ES7: Đầu trận hiến tế tướng đứng trên ô Gai Đen → các tướng Gai Đen nhận Máu + chỉ số theo vai trò của tướng bị hiến tế. ⚠ 18.3b: thưởng sát thương khi hiến tế giảm (14% → 12%). | ET7: Rek'Sai (1💰), Veigar (1💰), Warwick (2💰), Azir (3💰), Malphite (4💰), Lux (5💰)
A8: Rồng Ngàn Tuổi Quái Rừng | B8: A | C8: Lên 9 nhanh | D8: Khó | E8: 5 vàng | F8: 7 | G8: 7 Quái Rừng · Bá Chủ · 2 Tàn Phá · 2 Đấu Sĩ · 2 Tiên Phong · 2 Thuật Sĩ | H8: Được ăn cả, ngã về không: Rồng Ngàn Tuổi 2 sao gần như chắc thắng, 1 sao thì yếu. | I8: Lên 9 nhanh: lên 8 ở 4-2 (đổi tướng ít) → 9 ở 5-1 → đổi tướng tìm Rồng Ngàn Tuổi, cố lên 2 sao. | J8: Mở đầu Quái Rừng: Mầm Non, Sỏi, Sói Hắc Ám, Cua Kỳ Cục + ghép đồ vật lý. | K8: Cấp 7–8: Sỏi, Sói Hắc Ám, Quái Đá Krug, Cua Kỳ Cục, Bụi Gai Đỏ, Người Đá → giữ 5 Quái Rừng. | L8: Sỏi | M8: Sói Hắc Ám | N8: Quái Đá Krug | O8: Bụi Gai Đỏ | P8: Người Đá | Q8: Rồng Ngàn Tuổi | R8: Gnar | S8: Taric | U8: Rồng Ngàn Tuổi | V8: Vô Cực Kiếm | W8: Bàn Tay Công Lý | X8: Móng Vuốt Sterak | Y8: Cung Xanh / Chùy Đoản Côn thay thế | Z8: Bụi Gai Đỏ | AA8: Áo Choàng Bóng Tối | AB8: Móng Vuốt Sterak | AC8: Áo Choàng Thủy Ngân | AD8: Diệt Khổng Lồ thay Móng Vuốt (cần 2/3 món) | AE8: Người Đá | AF8: Lời Thề Hộ Vệ | AG8: Áo Choàng Lửa | AH8: Thú Tượng Thạch Giáp | AI8: Quái Đá Krug: Thú Tượng Thạch Giáp, Giáp Máu Warmog | AJ8: Kiếm BF > Găng Đấu Tập > Nước Mắt Nữ Thần > Giáp Lưới | AK8: Thăng Cấp., Quà Sinh Nhật, Quái Rừng Omega, Kỷ Nguyên | AL8: Có lõi kinh tế/kinh nghiệm, máu cao ở Giai đoạn 4; ít người cùng lên 9. | AM8: Rồng Ngàn Tuổi chiếm 2 ô ở giữa/hàng trước; Người Đá + Quái Đá Krug đỡ đòn; Sỏi hàng sau. | AN8: Rồng Ngàn Tuổi tính +2 Quái Rừng · Luôn đặt Dấu Ấn Đầu Đàn lên tướng đỡ đòn 2–3 sao · Chỉ chơi khi đủ máu. | AO8: Bị ép máu ở Giai đoạn 3–4; không lên được cấp 9. | AP8: Cận chiến dồn cục | AQ8: 55 | AZ8: Ornn | BA8: 1 | BB8: Thần Rừng, Vệ Quân | BC8: Kha'Zix Khắc Tinh, Cassiopeia Vệ Quân | BF8: Móng Vuốt Sterak | BG8: Kiếm BF + Đai Khổng Lồ | BH8: Chủ lực cận chiến | BI8: Máu + SMCK, nhận thêm lá chắn/SMCK khi Máu thấp. | BJ8: Nidalee, Camille, Warwick, Rengar | BK8: Kiếm BF + Đai Khổng Lồ | BN8: Đai Khổng Lồ | BO8: + Máu | BQ8: Móng Vuốt Sterak | BR8: Nanh Nashor | BS8: Quỷ Thư Morello | BT8: Giáp Tâm Linh | BU8: Áo Choàng Lửa | BV8: Giáp Vai Nguyệt Thần | BW8: Giáp Máu Warmog | BX8: Chùy Đoản Côn | BY8: Ấn (Đai + Xẻng) | CA8: • Đao Phủ Azir – Soraka & Zyra (Thực Vật) [S] → Nanh Nashor • Nidalee & Aphelios Mặt Trăng [S] → Móng Vuốt Sterak • Sivir & Nidalee Nguyên Sinh [S] → Móng Vuốt Sterak • Ahri & Morgana Thuật Sĩ [A] → Chùy Đoản Côn, Quỷ Thư Morello • Ashe Hoa Linh Lên 9 [A] → Chùy Đoản Côn, Nanh Nashor • Rồng Ngàn Tuổi Quái Rừng [A] → Móng Vuốt Sterak • Veigar Thực Vật Hấp Thụ (Tinh Nghịch) [B] → Nanh Nashor | DN8: Lên 8 nhanh (tướng 4 vàng)|3-5 | DO8: 7 | DP8: 40–50 | DQ8: Lên cấp 7 sau băng chuyền · Chỉ đổi tướng nếu máu < 50. | DR8: 7 | DS8: Đấu người (sau băng chuyền 3-4) | DX8: 3-5 | EC8: 30 | EE8: 7 | EF8: 16 | EG8: 30 | EH8: 43 | EI8: 10 | EJ8: 1 | EN8: 7 | EO8: 7 | EP8: Hỏa Ngục | EQ8: Tộc | ER8: 2 / 3 / 5 / 7 | ES8: Sát thương gây Thiêu Đốt + Vết Thương (giảm hồi máu). Từ mốc 3: 'đốt' 1/2/4 ô cửa hàng để ra tướng giá cao hơn. ⚠ 18.3: mốc cao bị giảm nhẹ. | ET8: Akali (1💰), Varus (1💰), Shen (2💰), Amumu (4💰), Kennen (5💰), Lux (5💰)
A9: Draven Lên 9 (Thần Rừng Đao Phủ) | B9: A | C9: Lên 9 nhanh | D9: Khó | E9: 5 vàng | F9: 8 | G9: 3 Thần Rừng · 2 Đao Phủ · 2 Đấu Sĩ · 2 Dũng Sĩ · 2 Hỏa Ngục · Săn Thưởng · Cổ Thụ · Thụ Thần · Lục Bảo | H9: Đội có sức mạnh cuối game cao nhất: Draven + Maokai (tăng máu vĩnh viễn) + Ezreal. Hưởng lợi từ việc 18.2 giảm kinh nghiệm lên cấp 8/9. | I9: Tham kinh tế: 4 (2-1) → 5 → 6 → 7 → 8 ở 4-2 (đổi tướng ít, chỉ để giữ máu) → 9 ở 5-1 → đổi tướng tìm Draven/Maokai 2 sao. | J9: Mở đầu mạnh bất kỳ (Thần Rừng: Ornn, Xayah, Alistar, LeBlanc). Ghép sớm Cuồng Đao Guinsoo nếu có. | K9: Cấp 7–8: Alistar, LeBlanc, Hecarim, Ezreal, Amumu, Kennen/Taric nếu có; giữ vàng trên 50. | L9: Alistar | M9: Amumu | N9: Ezreal | O9: Draven | P9: Gnar | Q9: Ivern | R9: Kennen | S9: Maokai | T9: Taric | U9: Draven | V9: Cuồng Đao Guinsoo | W9: Thịnh Nộ Thủy Quái | X9: Kiếm Tử Thần | Y9: Diệt Khổng Lồ thay Kiếm Tử Thần · Cuồng Đao Guinsoo gần như bắt buộc | Z9: Ezreal | AA9: Ngọn Giáo Shojin | AB9: Cung Xanh | AC9: Bùa Đỏ | AD9: Thay thế: Kiếm Tử Thần, Bùa Xanh | AE9: Maokai | AF9: Thú Tượng Thạch Giáp | AG9: Giáp Máu Warmog | AH9: Giáp Tâm Linh | AI9: Áo Choàng Gai / Lời Thề Hộ Vệ đều tốt | AJ9: Cung Gỗ > Gậy Quá Khổ (để ghép Guinsoo) > Kiếm BF > Áo Choàng Bạc > Đai Khổng Lồ | AK9: Thăng Tiến Cuối Trận (+2 bậc), Thăng Cấp., Quà Sinh Nhật, Ấn Đao Phủ | AL9: Có lõi KINH TẾ hoặc chuỗi thắng dài; máu > 60 ở Giai đoạn 4. Không có lõi kinh tế thì gần như không lên 9 kịp. | AM9: Draven ở góc hàng cuối; Maokai + Amumu + Alistar giữa hàng đầu; Ezreal góc đối diện; Ivern gần đỡ đòn. | AN9: Đừng nâng Ivern 2 sao trước khi có đủ tướng 5 vàng quan trọng · Draven cần hạ gục cuối để hoàn thành truy nã → đặt nơi dễ đánh mục tiêu yếu. | AO9: Thua liên tục đầu game mà không có lõi kinh tế; phòng có từ 2 người cùng lên 9. | AP9: Chủ lực ở góc (chuẩn) | AQ9: 63 | AZ9: Sỏi | BA9: 1 | BB9: Quái Rừng, Thuật Sĩ | BC9: Ahri & Morgana Thuật Sĩ, Rồng Ngàn Tuổi Quái Rừng, Mầm Non Quái Rừng | BF9: Vô Cực Kiếm | BG9: Kiếm BF + Găng Đấu Tập | BH9: Chủ lực vật lý | BI9: Tỉ Lệ Chí Mạng + sát thương chí mạng; kỹ năng có thể chí mạng. | BJ9: Nidalee, Sivir, Aphelios, Rồng Ngàn Tuổi, Kog'Maw | BK9: Kiếm BF + Găng Đấu Tập | BN9: Găng Đấu Tập | BO9: + Tỉ Lệ Chí Mạng | BQ9: Vô Cực Kiếm | BR9: Cung Xanh | BS9: Găng Bảo Thạch | BT9: Bàn Tay Công Lý | BU9: Trái Tim Kiên Định | BV9: Áo Choàng Thủy Ngân | BW9: Chùy Đoản Côn | BX9: Găng Đạo Tặc | BY9: Ấn (Găng + Xẻng) | CA9: • Đao Phủ Azir – Soraka & Zyra (Thực Vật) [S] → Găng Bảo Thạch • Nidalee & Aphelios Mặt Trăng [S] → Vô Cực Kiếm • Sivir & Nidalee Nguyên Sinh [S] → Vô Cực Kiếm • Kha'Zix Khắc Tinh (Thần Rừng Đao Phủ) [A] → Bàn Tay Công Lý, Vô Cực Kiếm • Ahri & Morgana Thuật Sĩ [A] → Găng Bảo Thạch, Chùy Đoản Côn • Ashe Hoa Linh Lên 9 [A] → Cung Xanh, Găng Bảo Thạch, Chùy Đoản Côn • Rồng Ngàn Tuổi Quái Rừng [A] → Vô Cực Kiếm, Bàn Tay Công Lý, Áo Choàng Thủy Ngân | DN9: Lên 8 nhanh (tướng 4 vàng)|4-1 | DO9: 7 → 8 | DP9: 50 | DQ9: Đang thua liên tục / máu thấp: lên 8 ngay và đổi tướng cho ổn. | DR9: 8 | DS9: Đấu người (sau Sói 3-7) | DX9: 4-1 | EC9: 35 | EE9: 8 | EF9: 15 | EG9: 20 | EH9: 32 | EI9: 30 | EJ9: 3 | EN9: 8 | EO9: 8 | EP9: Mặt Trời | EQ9: Tộc | ER9: 3 | ES9: Tướng nhận lá chắn theo % Máu tối đa + sát thương phép cộng thêm; thưởng tăng theo số tướng 3 sao KHÁC NHAU. Mặt Trời + Mặt Trăng mở tộc ẩn Thiên Thực (định kỳ kết liễu kẻ địch ít máu nhất). | ET9: Leona (1💰), Kayle (2💰), Sejuani (2💰), Lux (5💰)
A10: Caitlyn Dũng Sĩ Thợ Săn | B10: B | C10: Săn 3 sao 2 vàng (đổi tướng từ từ ở cấp 6) | D10: Dễ | E10: 2 vàng | F10: 9 | G10: 4 Dũng Sĩ · 4 Thợ Săn · 2 Nguyên Sinh · 2 Tiên Linh | H10: Caitlyn không dùng kỹ năng → chỉ lên đồ đánh thường. Thợ Săn + Dũng Sĩ rất ổn định. | I10: 4 → 5 → 6 (3-1) → đổi tướng từ từ ở cấp 6 trên 50 vàng từ 3-2 tới khi Caitlyn 3 sao → 7 → 8. | J10: Caitlyn, Cua Kỳ Cục, Sejuani, Rakan, Mầm Non – ghép sớm Cuồng Đao Guinsoo + Thịnh Nộ Thủy Quái. | K10: Rakan, Caitlyn, Cua Kỳ Cục, Sejuani, Tristana, Vi. | L10: Rakan | M10: Caitlyn | N10: Cua Kỳ Cục | O10: Sejuani | P10: Tristana | Q10: Vi | R10: Sivir | S10: Ashe | U10: Caitlyn | V10: Cuồng Đao Guinsoo | W10: Thịnh Nộ Thủy Quái | X10: Diệt Khổng Lồ | Y10: Cuồng Đao Guinsoo là bắt buộc · KHÔNG dùng đồ Năng Lượng · Tạo Tác: Đao Chớp | Z10: Sivir | AA10: Cung Xanh | AB10: Vô Cực Kiếm | AC10: Ngọn Giáo Shojin | AD10: Chủ lực phụ, giữ đồ tiện ích | AE10: Cua Kỳ Cục | AF10: Giáp Máu Warmog | AG10: Thú Tượng Thạch Giáp | AH10: Giáp Tâm Linh | AI10: Sejuani: Thú Tượng Thạch Giáp, Áo Choàng Lửa | AJ10: Cung Gỗ > Gậy Quá Khổ > Kiếm BF > Áo Choàng Bạc | AK10: Tăng Vốn I, Băng Trộm, Kỳ Vọng Bất Ngờ | AL10: Có Cuồng Đao + Thịnh Nộ Thủy Quái sớm; có từ 3 Caitlyn ở Giai đoạn 2. | AM10: Caitlyn ở góc hàng cuối; các tướng Dũng Sĩ dàn đều hàng đầu. | AN10: Nhắm vào đỡ đòn chính trước để Thợ Săn khuếch đại sát thương (không đổi mục tiêu) · 18.2 tăng sức mạnh Thợ Săn. | AO10: Đội sát thủ; thiếu Cuồng Đao Guinsoo. | AP10: Chống sát thủ | AQ10: 71 | AZ10: Rakan | BA10: 1 | BB10: Tiên Linh, Dũng Sĩ, Tiên Phong | BC10: Caitlyn Dũng Sĩ Thợ Săn, Tristana & Rengar Tiên Linh | BF10: Ấn (Kiếm BF + Xẻng) | BG10: Kiếm BF + Xẻng Vàng | BH10: Ấn | BI10: Ghép ra Ấn tộc/hệ – xem công thức trong game. | BJ10: Tuỳ đội hình | BK10: Kiếm BF + Xẻng Vàng | BN10: Xẻng Vàng | BO10: Dùng để ghép Ấn tộc/hệ | BQ10: Ấn (Kiếm BF + Xẻng) | BR10: Ấn (Cung Gỗ + Xẻng) | BS10: Ấn (Gậy + Xẻng) | BT10: Ấn (Nước Mắt + Xẻng) | BU10: Ấn (Giáp Lưới + Xẻng) | BV10: Ấn (Áo Choàng + Xẻng) | BW10: Ấn (Đai + Xẻng) | BX10: Ấn (Găng + Xẻng) | BY10: Vương Miện Chiến Thuật | CA10: Xẻng Vàng dùng để ghép Ấn – chọn Ấn cho tộc/hệ của đội hình bạn đang theo. | DN10: Lên 8 nhanh (tướng 4 vàng)|4-2 | DO10: 8 | DP10: còn 10–20 sau khi đổi | DQ10: MỐC ĐỔI TƯỚNG: lên 8 + Lõi 3 → dồn vàng tìm chủ lực & đỡ đòn 4 vàng 2 sao. | DR10: 8 | DS10: Chọn Lõi 3 | DX10: 4-2 | EC10: 40 | EE10: 9 | EF10: 10 | EG10: 17 | EH10: 25 | EI10: 33 | EJ10: 15 | EN10: 9 | EO10: 9 | EP10: Mặt Trăng | EQ10: Tộc | ER10: 2 / 3 / 4 / 5 | ES10: Tướng Mặt Trăng và đồng minh đứng SÁT BÊN nhận Tốc Độ Đánh + SMPT (tướng Mặt Trăng nhận gấp đôi). Đặt chủ lực kề tướng Mặt Trăng. | ET10: Diana (3💰), Aphelios (4💰), Alune (5💰), Lux (5💰)
A11: Veigar Thực Vật Hấp Thụ (Tinh Nghịch) | B11: B | C11: Săn 3 sao 1 vàng (đổi tướng từ từ ở cấp 5) | D11: Dễ | E11: 1 vàng | F11: 10 | G11: 5 Tinh Nghịch · 4 Đấu Sĩ · 2 Thuật Sư · 2 Gai Đen · 2 Vệ Quân · Thực Vật | H11: Đội có điều kiện: nhận được lõi Thực Vật Hấp Thụ → lên hạng S. Veigar 3 sao dội phép cực mạnh. | I11: Đổi tướng từ từ ở cấp 5 trên 50 vàng tới khi Veigar 3 sao → lên 6/7/8 thêm tướng Tinh Nghịch 5 vàng (Gnar). | J11: Veigar, Kobuko, Rek'Sai, Teemo – cần lõi Thực Vật Hấp Thụ hoặc có sẵn nhiều Veigar sớm. | K11: Kobuko, Rek'Sai, Veigar, Teemo, Fiddlesticks, Rammus. | L11: Kobuko | M11: Rek'Sai | N11: Veigar | O11: Teemo | P11: Fiddlesticks | Q11: Rammus | R11: Sett | S11: Gnar | U11: Veigar | V11: Găng Bảo Thạch | W11: Bùa Xanh | X11: Nanh Nashor | Y11: Ngọn Giáo Shojin thay Bùa Xanh · Tạo Tác: Kiếm Tai Ương / Lõi Bình Minh / Khế Ước Vĩnh Hằng | Z11: Teemo | AA11: Găng Bảo Thạch | AB11: Nanh Nashor | AC11: Nanh Nashor | AD11: Chủ lực phép phụ | AE11: Rek'Sai | AF11: Thú Tượng Thạch Giáp | AG11: Áo Choàng Lửa | AH11: Giáp Máu Warmog | AI11: — | AJ11: Nước Mắt Nữ Thần > Gậy Quá Khổ > Găng Đấu Tập > Giáp Lưới | AK11: Thực Vật Hấp Thụ (bắt buộc, 1 người/phòng), Lò Rèn Thần Thoại, Ấn Thực Vật | AL11: CHỈ chơi khi có Thực Vật Hấp Thụ hoặc sớm có Veigar 3 sao. | AM11: Veigar đứng sau đỡ đòn Tinh Nghịch; thả tướng Tinh Nghịch tốt nhất lên Bạn Lông Xù. | AN11: Thả tướng Tinh Nghịch lên Bạn Lông Xù để chọn người cưỡi (cận chiến/đánh xa sẽ đổi kỹ năng) · Kiếm Tai Ương là Tạo Tác ưu tiên. | AO11: Không có điều kiện thì rất yếu; đội nhiều Kháng Phép. | AP11: Chủ lực ở góc (chuẩn) | AQ11: 79 | AZ11: Rek'Sai | BA11: 1 | BB11: Gai Đen, Đấu Sĩ | BC11: Sivir & Nidalee Nguyên Sinh, Veigar Thực Vật Hấp Thụ, Azir Triệu Hồi | BF11: Bùa Đỏ | BG11: Cung Gỗ + Cung Gỗ | BH11: Chủ lực | BI11: Tốc Độ Đánh + gây Thiêu Đốt & Vết Thương (giảm hồi máu). | BJ11: Ashe, Kog'Maw, Aphelios, Sivir | BK11: Cung Gỗ + Cung Gỗ | DN11: Lên 8 nhanh (tướng 4 vàng)|4-5 | DO11: 8 | DP11: tích lại 50 | DQ11: Đội đã ổn: không đổi tướng, tích lại 50 vàng · Chưa ổn: đổi tướng nhẹ để giữ máu. | DR11: 8 | DS11: Đấu người (sau băng chuyền 4-4) | DX11: 4-5 | EC11: 45 | EE11: 10 | EF11: 5 | EG11: 10 | EH11: 20 | EI11: 40 | EJ11: 25 | EN11: 10 | EO11: 10 | EP11: Tiên Linh | EQ11: Tộc | ER11: 2 / 4 | ES11: Gây sát thương sẽ thu hút Tiên; tướng Tiên Linh nhận SMCK/SMPT và hồi máu khi dưới 50% Máu (18.2: mốc Tiên Vàng đến sớm hơn). | ET11: Rakan (1💰), Xayah (1💰), Tristana (3💰), Lillia (4💰), Lux (5💰)
A12: Yunara Mặt Trời (săn 3 sao) | B12: B | C12: Săn 3 sao 2 vàng | D12: Trung bình | E12: 2 vàng | F12: 11 | G12: 3 Mặt Trời · 3 Hoa Linh · 2 Đao Phủ · 2 Dũng Sĩ · 2 Thuật Sư · Triệu Hồi | H12: Yunara 3 sao bắn liên tục, Mặt Trời thưởng theo số tướng 3 sao. Cần nhiều 3 sao mới mạnh nên hơi tốn tài nguyên. | I12: Cấp 4–5 sớm → dồn vàng ở 3-2 cho ổn định → tích lại 50 vàng → đổi tướng từ từ tới khi có 3 sao (khoảng 4-1/4-2) → lên 7 rồi 8 sớm nhất có thể. | J12: Yunara, Karma, LeBlanc, Leona + ghép Ngọn Giáo Shojin. | K12: Sejuani, Yorick, Leona, Yunara, LeBlanc, Karma – chưa vội bật Mặt Trời. | L12: Sejuani | M12: Yorick | N12: Leona | O12: Yunara | P12: LeBlanc | Q12: Karma | R12: Kayle | S12: Azir | U12: Yunara | V12: Ngọn Giáo Shojin | W12: Kiếm Tử Thần | X12: Chùy Đoản Côn | Y12: Tạo Tác: Đại Bác Hải Tặc, Lõi Bình Minh (đẩy hạng lên cao) | Z12: Kayle | AA12: Cuồng Đao Guinsoo | AB12: Găng Bảo Thạch | AC12: Mũ Phù Thủy Rabadon | AD12: Chủ lực phụ khi có thêm 3 sao | AE12: Sejuani | AF12: Thú Tượng Thạch Giáp | AG12: Giáp Máu Warmog | AH12: Giáp Tâm Linh | AI12: Leona: Áo Choàng Gai, Vuốt Rồng | AJ12: Nước Mắt Nữ Thần > Kiếm BF > Găng Đấu Tập > Giáp Lưới | AK12: Xúc Xắc Vô Tận, Tăng Vốn I, Hàng Chờ Pandora | AL12: Nhặt được nhiều Yunara sớm; có Tạo Tác cho Yunara. | AM12: Yunara góc hàng cuối; Sejuani/Leona chắn trước; Kayle cạnh tướng buff. | AN12: Đừng bật Mặt Trời quá sớm – chờ tới cấp 7–8 khi đã có vài tướng 3 sao thì thưởng mới đáng. | AO12: Tốn tài nguyên, yếu nếu chỉ có 1 tướng 3 sao. | AP12: Chủ lực ở góc (chuẩn) | AQ12: 87 | AZ12: Varus | BA12: 1 | BB12: Hỏa Ngục, Liên Kích | BC12: Nidalee & Aphelios Mặt Trăng, Kayle Mặt Trời Liên Kích | BF12: Cuồng Đao Guinsoo | BG12: Cung Gỗ + Gậy Quá Khổ | BH12: Chủ lực đánh thường | BI12: Tốc Độ Đánh tăng dần theo mỗi đòn đánh. | BJ12: Draven, Aphelios, Caitlyn, Tristana, Kayle, Master Yi, Rengar | BK12: Cung Gỗ + Gậy Quá Khổ | DN12: Lên 8 nhanh (tướng 4 vàng)|5-1 | DO12: 8 → 9 | DP12: 50+ | DQ12: Máu > 50 và đội ổn: chuẩn bị lên 9. | DR12: 9 | DS12: Đấu người (sau Chim 4-7) | DX12: 5-1 | EC12: 50 | EN12: 11 | EP12: Nguyên Sinh | EQ12: Tộc | ER12: 2 / 4 | ES12: Chọn 1 Phúc Lành (mốc 4 chọn thêm 1): RÙA (cả đội hồi 4% Máu mỗi 4 giây) · GẤU (sát thương của tướng Nguyên Sinh kết liễu kẻ dưới 12% Máu) · HỔ (sau 6 giây: tướng Nguyên Sinh +35% Tốc Độ Đánh, cả đội +15%) · PHƯỢNG HOÀNG (mỗi 15 lần hạ gục nhận 1 mảnh trang bị, tối đa 4). | ET12: Vi (3💰), Nidalee (4💰), Sivir (4💰), Lux (5💰)
A13: Azir Triệu Hồi (săn 3 sao) | B13: B | C13: Săn 3 sao 3 vàng (đổi tướng ở cấp 7) | D13: Trung bình | E13: 3 vàng | F13: 12 | G13: 3 Triệu Hồi · 3 Đao Phủ · 2 Hoa Linh · 2 Gai Đen · 2 Đấu Sĩ · 2 Dũng Sĩ | H13: 📈 Đang lên ở bản 18.3b (Azir được tăng sát thương từ 18.3). Azir 3 sao gọi lính đánh liên tục, Triệu Hồi cường hoá quân triệu hồi của cả Yorick và Zyra. | I13: Cấp 4 (nếu bàn mạnh) → 5 ở Giai đoạn 2 → 6 → 7 (3-5) rồi mới đổi tướng tìm Azir + Vi 3 sao → cân nhắc lên 8 sau khi đủ 3 sao. | J13: Yorick, Rek'Sai, Karma + ghép sớm Kiếm Súng Hextech / Mũ Phù Thủy Rabadon. | K13: Cấp 6–7: Yorick, Rek'Sai, Azir, Vi, Yunara, Sett – giữ mọi bản Azir/Vi. | L13: Azir | M13: Vi | N13: Kha'Zix | O13: Sett | P13: Zyra | Q13: Yorick | R13: Rek'Sai | S13: Yunara | U13: Azir | V13: Kiếm Súng Hextech | W13: Mũ Phù Thủy Rabadon | X13: Quyền Trượng Thiên Thần | Y13: Tạo Tác: Đao Chớp (rất mạnh), Kiếm Tai Ương | Z13: Zyra | AA13: Găng Bảo Thạch | AB13: Trượng Hư Vô | AC13: Ngọn Giáo Shojin | AD13: Chủ lực phụ nhờ cây Triệu Hồi | AE13: Vi | AF13: Thú Tượng Thạch Giáp | AG13: Thú Tượng Thạch Giáp | AH13: Giáp Máu Warmog | AI13: Rek'Sai: Áo Choàng Lửa, Giáp Tâm Linh | AJ13: Gậy Quá Khổ > Nước Mắt Nữ Thần > Giáp Lưới > Kiếm BF | AK13: Lõi kinh tế + 1 lõi trang bị, Giữ Vững Hàng Ngũ, Khảm Bảo Thạch, Nồi Nấu Ăn | AL13: Gặp nhiều Azir từ Giai đoạn 2; có Gậy Quá Khổ sớm. | AM13: Azir hàng cuối giữa để lính đi xa nhất; Vi + Rek'Sai chắn trước; Zyra cạnh Azir. | AN13: Đặt 1 tướng dư lên ô hiến tế Gai Đen để buff · Giữ đủ 3 Triệu Hồi (Azir + Yorick + Zyra) thì quân triệu hồi mới đủ mạnh. | AO13: Yếu nếu không hit 3 sao; sát thương dồn vào quân triệu hồi nên sợ sát thương diện rộng. | AP13: Chủ lực ở góc (chuẩn) | AQ13: 95 | AZ13: Veigar | BA13: 1 | BB13: Gai Đen, Tinh Nghịch, Thuật Sư | BC13: Đao Phủ Azir – Soraka & Zyra, Veigar Thực Vật Hấp Thụ | BF13: Trượng Hư Vô | BG13: Cung Gỗ + Nước Mắt Nữ Thần | BH13: Chủ lực phép | BI13: Đòn đánh và kỹ năng giảm 30% Kháng Phép mục tiêu trong 5 giây. ✅ 18.3: cộng thêm SMPT → mạnh hơn. | BJ13: Morgana, Zyra, Cassiopeia | BK13: Cung Gỗ + Nước Mắt Nữ Thần | DN13: Lên 8 nhanh (tướng 4 vàng)|5-2+ | DO13: 9 | DP13: dồn vàng đổi tướng | DQ13: Lên 9 · đổi tướng tìm tướng 5 vàng / 4 vàng 2 sao · thay tướng yếu. | DR13: 9 | DS13: Cuối game – Tinh Linh Giao Tranh xen kẽ | DX13: 5-2+ | EC13: 55 | EN13: 12 | EP13: Thực Vật | EQ13: Tộc | ER13: 1 / 2 | ES13: Tướng 'thu hoạch' kẻ địch khi hạ gục: nhận Năng Lượng và hồi Máu cho đồng minh. | ET13: Fiddlesticks (3💰), Soraka (4💰)
A14: Cassiopeia Vệ Quân | B14: B | C14: Săn 3 sao 3 vàng (đổi tướng từ từ ở cấp 7) | D14: Trung bình | E14: 3 vàng | F14: 13 | G14: 6 Vệ Quân · 2 Thuật Sư · 2 Thực Vật | H14: Hàng trước 6 Vệ Quân cực lì, Cassiopeia 3 sao dội phép; Fiddlesticks hút máu, Rammus khiêu khích. | I14: 4 → 5 → 6 → 7 (3-5) → đổi tướng từ từ trên 50 vàng tìm Cassiopeia/Fiddlesticks/Rammus 3 sao. | J14: Mở đầu Vệ Quân: Leona, Ornn, Shen + Cassiopeia. | K14: Leona, Ornn, Shen, Cassiopeia, Fiddlesticks, Rammus. | L14: Leona | M14: Ornn | N14: Shen | O14: Cassiopeia | P14: Fiddlesticks | Q14: Rammus | R14: Lillia | S14: Soraka | U14: Cassiopeia | V14: Kiếm Súng Hextech | W14: Quyền Trượng Thiên Thần | X14: Bùa Xanh | Y14: Rabadon thay Quyền Trượng; Ngọn Giáo Shojin thay Bùa Xanh · Tạo Tác: Đá Hắc Hóa | Z14: Fiddlesticks | AA14: Áo Choàng Lửa | AB14: Nỏ Sét | AC14: Giáp Tâm Linh | AD14: Fiddlesticks hồi máu cho cả đội | AE14: Rammus | AF14: Thú Tượng Thạch Giáp | AG14: Vương Miện Hoàng Gia | AH14: Áo Choàng Gai | AI14: — | AJ14: Gậy Quá Khổ > Nước Mắt Nữ Thần > Giáp Lưới > Áo Choàng Bạc | AK14: Thực Vật Hấp Thụ, Hang Ổ Baron, To Lớn & Mạnh Mẽ | AL14: Có nhiều Cassiopeia sớm; phòng có nhiều đội vật lý đánh thường. | AM14: Fiddlesticks đặt ngoài rìa, Rammus đứng SÁT BÊN Fiddlesticks; Cassiopeia hàng sau ở giữa. | AN14: Khiêu khích của Rammus kéo kẻ địch, giúp Fiddlesticks hồi máu lâu hơn. | AO14: Đội gây sát thương chuẩn/giảm kháng; thiếu sát thương ở Giai đoạn 5. | AP14: Dàn trải chống diện rộng | AQ14: 103 | AZ14: Xayah | BA14: 1 | BB14: Thần Rừng, Tiên Linh, Liên Kích | BC14: Tristana & Rengar Tiên Linh | BF14: Quyền Năng Khổng Lồ | BG14: Cung Gỗ + Giáp Lưới | BH14: Chủ lực cận chiến | BI14: Đánh/bị đánh cộng dồn SMCK và SMPT; đầy cộng dồn nhận Khuếch Đại Sát Thương + miễn khống chế. | BJ14: Rengar, Master Yi | BK14: Cung Gỗ + Giáp Lưới | DN14: Lên 9 nhanh (tướng 5 vàng)|1-x | DO14: 3 | DP14: — | DQ14: Ưu tiên đồ phòng thủ + 1 chủ lực tạm; mua cặp. | DR14: 3 | DS14: Băng chuyền mở màn + đánh quái | EC14: 60 | EN14: 13 | EP14: Khắc Tinh | EQ14: Tộc (Kha'Zix / Rengar) | ER14: 1 / 2 | ES14: Tích điểm hạ gục (hạ tướng Khắc Tinh khác = 3 điểm). Kha'Zix tiến hoá ở mốc 8 / 30 / 60 (ưu tiên chọn Tàn Phá > Đao Phủ > Liên Kích > Thuật Sư); Rengar đổi điểm hạ gục ra vàng. Muốn ra sân cả hai cần lõi Không Đối Thủ. | ET14: Kha'Zix (3💰), Rengar (3💰)
A15: Mầm Non Quái Rừng | B15: B | C15: Săn 3 sao 1 vàng (đổi tướng từ từ ở cấp 5) | D15: Dễ | E15: 1 vàng | F15: 14 | G15: 7 Quái Rừng · 2 Đấu Sĩ · 2 Tàn Phá | H15: ✅ 18.3 buff Cóc Thành Tinh & Sói Hắc Ám, 18.3b không đụng tới → đội này đang lên. Thuần Quái Rừng 7: chỉ số tăng liên tục trong trận; Mầm Non dễ chơi hơn Sỏi. | I15: Đổi tướng từ từ ở cấp 5 trên 50 vàng tới khi Mầm Non/Sỏi + Quái Đá Krug 3 sao → 7 → 8. | J15: Mầm Non hoặc Sỏi 2 sao + ghép đồ ngay. | K15: Mầm Non, Sỏi, Sói Hắc Ám, Cua Kỳ Cục, Quái Đá Krug. | L15: Mầm Non | M15: Quái Đá Krug | N15: Sỏi | O15: Sói Hắc Ám | P15: Cua Kỳ Cục | Q15: Bụi Gai Đỏ | R15: Người Đá | S15: Gnar | U15: Mầm Non | V15: Vô Cực Kiếm | W15: Ngọn Giáo Shojin | X15: Cung Xanh | Y15: Bùa Xanh thay Ngọn Giáo | Z15: Sỏi | AA15: Bùa Xanh | AB15: Quyền Trượng Thiên Thần | AC15: Găng Bảo Thạch | AD15: Rabadon thay Quyền Trượng | AE15: Quái Đá Krug | AF15: Thú Tượng Thạch Giáp | AG15: Giáp Máu Warmog | AH15: Áo Choàng Lửa | AI15: Cua Kỳ Cục: Giáp Máu Warmog, Thú Tượng Thạch Giáp, Giáp Tâm Linh | AJ15: Kiếm BF > Nước Mắt Nữ Thần > Giáp Lưới > Đai Khổng Lồ | AK15: Quái Rừng Omega, Hàng Chờ Pandora | AL15: Có lõi Quái Rừng; nhiều Mầm Non sớm. | AM15: Dồn cục quanh tướng giữ Dấu Ấn Đầu Đàn; chủ lực đứng ngay phía sau. | AN15: Luôn đặt Dấu Ấn Đầu Đàn lên Cua Kỳ Cục hoặc Quái Đá Krug 3 sao để giữ hàng trước lâu hơn. | AO15: Cuối game thiếu sức mạnh. | AP15: Cận chiến dồn cục | AQ15: 111 | AZ15: Yorick | BA15: 1 | BB15: Hoa Linh, Dũng Sĩ, Triệu Hồi | BC15: Ashe Hoa Linh Lên 9, Yunara Mặt Trời, Azir Triệu Hồi, Master Yi & Kog'Maw Thích Ứng | BF15: Thịnh Nộ Thủy Quái | BG15: Cung Gỗ + Áo Choàng Bạc | BH15: Chủ lực đánh thường | BI15: Mỗi đòn đánh cộng dồn SMCK (tối đa 15), đủ 15 đòn nhận thêm Tốc Độ Đánh. | BJ15: Draven, Aphelios, Caitlyn, Tristana | BK15: Cung Gỗ + Áo Choàng Bạc | DN15: Lên 9 nhanh (tướng 5 vàng)|2-1 | DO15: 4 | DP15: ≥ 10 | DQ15: Lên cấp 4 · Lõi 1 KINH TẾ (gần như bắt buộc nếu không có chuỗi). | DR15: 4 | DS15: Chọn Lõi 1 | EC15: 65 | EN15: 14 | EP15: Thế Thân | EQ15: Độc nhất (Lux) | ER15: 1 | ES15: Có Lux trên sân/hàng chờ thì các Lux khác trong cửa hàng đổi thành cùng tộc; mua Lux được tính 2 lần cho tộc đó. | ET15: Lux (5💰)
A16: Master Yi & Kog'Maw Thích Ứng | B16: B | C16: Săn 3 sao 3 vàng (đổi tướng từ từ ở cấp 7) | D16: Trung bình | E16: 3 vàng | F16: 15 | G16: 3 Thích Ứng · 3 Hoa Linh · 3 Đấu Sĩ · 2 Dũng Sĩ · 2 Nguyên Sinh · Ăn Mòn | H16: Master Yi 3 sao cận chiến + Kog'Maw giảm giáp/kháng phép. Bị giảm sức mạnh ở 18.2 nhưng vẫn ổn khi có đúng đồ. | I16: 4 → 5 → 6 → 7 (3-5) → đổi tướng từ từ trên 50 vàng tìm Yi/Kog'Maw 3 sao → 8. | J16: Mở đầu với Yi hoặc Rengar; ghép Cuồng Đao Guinsoo / Áo Choàng Bóng Tối. | K16: Yorick, Kog'Maw, Quái Đá Krug, Master Yi, Vi, Cóc Thành Tinh, Cua Kỳ Cục. | L16: Yorick | M16: Kog'Maw | N16: Quái Đá Krug | O16: Master Yi | P16: Vi | Q16: Nidalee | R16: Sett | S16: Gnar | U16: Master Yi | V16: Cuồng Đao Guinsoo | W16: Áo Choàng Bóng Tối | X16: Quyền Năng Khổng Lồ | Y16: Yi vật lý: Áo Choàng Thủy Ngân + Áo Choàng Bóng Tối + Quyền Năng Khổng Lồ · Tạo Tác: Đao Tím, Rìu Hỏa Ngục | Z16: Kog'Maw | AA16: Vô Cực Kiếm | AB16: Ngọn Giáo Shojin | AC16: Bùa Đỏ | AD16: — | AE16: Sett | AF16: Thú Tượng Thạch Giáp | AG16: Giáp Máu Warmog | AH16: Giáp Tâm Linh | AI16: Quái Đá Krug: Thú Tượng Thạch Giáp, Áo Choàng Lửa | AJ16: Cung Gỗ > Gậy Quá Khổ > Kiếm BF > Giáp Lưới | AK16: Nồi Nấu Ăn, Lò Rèn Thần Thoại, Hàng Chờ Pandora | AL16: Có Yi 2 sao sớm + Cuồng Đao Guinsoo; không ai tranh tướng 3 vàng. | AM16: Yi ở cạnh sườn hàng giữa; Kog'Maw góc sau; Sett/Quái Đá Krug/Gnar hàng đầu. | AN16: Yi dạng phép cần Cuồng Đao Guinsoo; Yi dạng vật lý cần Áo Choàng Thủy Ngân · Thích Ứng: SMCK hay SMPT cao hơn sẽ quyết định kỹ năng. | AO16: Khống chế diện rộng; đội nhiều Giáp. | AP16: Cận chiến dồn cục | AQ16: 119 | AZ16: Alistar | BA16: 2 | BB16: Thần Rừng, Đấu Sĩ | BC16: Draven Lên 9 | BF16: Nanh Nashor | BG16: Cung Gỗ + Đai Khổng Lồ | BH16: Chủ lực phép | BI16: Tốc Độ Đánh + SMPT, tăng mạnh sau khi tung chiêu. | BJ16: Ahri, Soraka, Veigar, Teemo | BK16: Cung Gỗ + Đai Khổng Lồ | DN16: Lên 9 nhanh (tướng 5 vàng)|2-3 | DO16: 4 | DP16: 20 | DQ16: Tham lãi; chỉ mua Tinh Linh 0 vàng / kinh tế. | DR16: 4 | DS16: Đấu người | EC16: 70 | EN16: 15 | EP16: Bá Chủ | EQ16: Độc nhất (Rồng Ngàn Tuổi) | ER16: 1 | ES16: Rồng Ngàn Tuổi chiếm 2 ô đội hình và cộng +2 cho tộc Quái Rừng. | ET16: Rồng Ngàn Tuổi (5💰)
A17: Akali Mặt Trời | B17: C | C17: Săn 3 sao 1 vàng | D17: Dễ | E17: 1 vàng | F17: 16 | G17: 3 Mặt Trời · 4 Tàn Phá · 2 Hỏa Ngục · 2 Vệ Quân | H17: ⚠ 18.3b giảm sát thương Camille → đội này yếu đi. Akali dạng phép tung lại chiêu mỗi khi hạ gục. Mặt Trời thưởng theo số tướng 3 sao khác nhau → rất hợp săn 3 sao tướng 1 vàng. | I17: Ở cấp 4–5, dồn vàng đổi tướng ở 3-1 tới khi Akali 3 sao; giữ ≥ 20 vàng; sau đó 6 → 7 → 8 thêm tướng 4 vàng. | J17: Camille, Akali, Leona, Kayle, Warwick – mua mọi bản Akali/Camille. | K17: Akali 3 sao, Camille 3 sao, Leona, Kayle, Sejuani, Shen, Warwick. | L17: Akali | M17: Camille | N17: Leona | O17: Kayle | P17: Sejuani | Q17: Shen | R17: Warwick | S17: Diana | U17: Akali | V17: Áo Choàng Bóng Tối | W17: Găng Bảo Thạch | X17: Bàn Tay Công Lý | Y17: Tạo Tác ưu tiên: Kiếm Tai Ương (gần như chắc thắng) | Z17: Camille | AA17: Móng Vuốt Sterak | AB17: Vô Cực Kiếm | AC17: Áo Choàng Thủy Ngân | AD17: — | AE17: Sejuani | AF17: Thú Tượng Thạch Giáp | AG17: Giáp Máu Warmog | AH17: Giáp Tâm Linh | AI17: Leona: Áo Choàng Gai, Vuốt Rồng | AJ17: Gậy Quá Khổ > Găng Đấu Tập > Kiếm BF > Giáp Lưới | AK17: Hàng Chờ Pandora, Bài Học Sơ Khai, Chuột Nhắt Lan Tràn (Tinh Linh) | AL17: Đầu game có từ 3 Akali/Camille; ít người săn 3 sao 1 vàng; 18.2 tăng sức mạnh Akali & Leona. | AM17: Akali đặt ở cạnh sườn để vào hàng sau; Leona/Sejuani/Shen dàn đều hàng đầu. | AN17: Mua Tinh Linh 'Chuột Nhắt Lan Tràn' khi có từ 5 tướng 1 vàng khác nhau trên sân · Mỗi tướng 3 sao khác nhau làm Mặt Trời mạnh hơn. | AO17: Đội đỡ đòn dày cuối game nếu không thêm tướng 4 vàng; bị tranh Akali. | AP17: Cận chiến dồn cục | AQ17: 127 | AZ17: Caitlyn | BA17: 2 | BB17: Tiên Hắc Ám, Thợ Săn | BC17: Caitlyn Dũng Sĩ Thợ Săn | BF17: Cung Xanh | BG17: Cung Gỗ + Găng Đấu Tập | BH17: Chủ lực vật lý | BI17: Đòn chí mạng giảm Giáp mục tiêu – đồ tiện ích rất quan trọng. | BJ17: Ashe, Ezreal, Rồng Ngàn Tuổi, Mầm Non, Sivir | BK17: Cung Gỗ + Găng Đấu Tập | DN17: Lên 9 nhanh (tướng 5 vàng)|2-5 | DO17: 5 | DP17: 30 | DQ17: Lên cấp 5 · Giữ chuỗi (thắng hay thua đều được). | DR17: 5 | DS17: Đấu người (sau băng chuyền 2-4) | EC17: 75 | EN17: 16 | EP17: Săn Thưởng | EQ17: Độc nhất (Draven) | ER17: 1 | ES17: Draven nhận nhiệm vụ truy nã; hoàn thành (cần hạ gục cuối) để nhận vàng/quà. | ET17: Draven (5💰)
A18: Tristana & Rengar Tiên Linh | B18: C | C18: Săn 3 sao 3 vàng (đổi tướng từ từ ở cấp 7) | D18: Trung bình | E18: 3 vàng | F18: 17 | G18: 4 Tiên Linh · 2 Thợ Săn · 2 Nguyên Sinh · 2 Dũng Sĩ · 2 Vệ Quân · Khắc Tinh | H18: Hai chủ lực 3 vàng 3 sao: Tristana bắn xa, Rengar cận chiến gánh đội và đổi điểm hạ gục ra vàng. | I18: 4 (2-1) → 5 (2-5) → 6 (3-1) → 7 (3-5, hoặc 3-2 nếu đang thua liên tục) → đổi tướng từ từ trên 50 vàng tới khi đủ 3 sao → 8. | J18: Mở đầu Tiên Linh/Thợ Săn: Rakan, Xayah, Mầm Non, Caitlyn. Ghép Cuồng Đao Guinsoo. | K18: Cấp 7: Rakan, Xayah, Rammus, Tristana, Rengar, Vi, Lillia → giữ mọi bản Tristana/Rengar. | L18: Rakan | M18: Xayah | N18: Rammus | O18: Tristana | P18: Rengar | Q18: Vi | R18: Lillia | S18: Sivir | U18: Tristana | V18: Cuồng Đao Guinsoo | W18: Thịnh Nộ Thủy Quái | X18: Diệt Khổng Lồ | Y18: Kiếm Súng Hextech thay Thịnh Nộ · Tạo Tác: Đao Chớp | Z18: Rengar | AA18: Quyền Năng Khổng Lồ | AB18: Móng Vuốt Sterak | AC18: Áo Choàng Bóng Tối | AD18: Bản Thợ Săn: Huyết Kiếm + Quyền Năng Khổng Lồ · Cuồng Đao Ánh Sáng | AE18: Rammus | AF18: Thú Tượng Thạch Giáp | AG18: Áo Choàng Lửa | AH18: Giáp Máu Warmog | AI18: Lillia: Thú Tượng Thạch Giáp, Giáp Tâm Linh, Giáp Máu Warmog | AJ18: Cung Gỗ > Gậy Quá Khổ > Kiếm BF > Giáp Lưới | AK18: U.R.F., Cắm Rễ Phân Tán, Tôi Thăng Cấp Một Mình (Rengar), Ấn Tiên Linh / Tiên Phong | AL18: Có cặp Tristana/Rengar sớm; Ấn nhận được quyết định biến thể (Tinh Nghịch / Tiên Linh / Thợ Săn). | AM18: Tristana ở góc hàng cuối; Rengar ở cạnh sườn để lao vào hàng sau; Rammus giữa hàng đầu. | AN18: Ấn nhận được quyết định hướng biến thể · Cả 3 biến thể đều vào top 2 nếu đủ 3 sao · 18.2 giảm nhẹ Rengar → ưu tiên Tristana làm chủ lực chính. | AO18: Bị người khác tranh tướng 3 vàng; đội lên 8 nhanh mạnh ở Giai đoạn 5. | AP18: Chống sát thủ | AQ18: 135 | AZ18: Elise | BA18: 2 | BB18: Tiên Hắc Ám, Tiên Phong | BC18: Cassiopeia Tiên Hắc Ám | BF18: Ấn (Cung Gỗ + Xẻng) | BG18: Cung Gỗ + Xẻng Vàng | BH18: Ấn | BI18: Ghép ra Ấn tộc/hệ – xem công thức trong game. | BJ18: Tuỳ đội hình | BK18: Cung Gỗ + Xẻng Vàng | DN18: Lên 9 nhanh (tướng 5 vàng)|3-1 | DO18: 6 | DP18: 30–40 | DQ18: Lên cấp 6 · Chưa đổi tướng. | DR18: 6 | DS18: Đấu người (sau Quái Đá 2-7) | EC18: 80 | EN18: 17 | EP18: Lục Bảo | EQ18: Độc nhất (Taric) | ER18: 1 | ES18: Kéo 1 đồng minh thả lên Taric để ghép cặp — đồng minh nhận hiệu ứng rất mạnh. | ET18: Taric (5💰)
A19: Kayle Mặt Trời Liên Kích | B19: C | C19: Săn 3 sao 1–2 vàng (đổi tướng từ từ ở cấp 6) | D19: Trung bình | E19: 2 vàng | F19: 18 | G19: 3 Mặt Trời · 3 Liên Kích · 3 Mặt Trăng · 2 Vệ Quân · 2 Hỏa Ngục (→ mở Thiên Thực) | H19: Kayle 3 sao + Mặt Trời & Mặt Trăng mở tộc ẩn Thiên Thực kết liễu kẻ địch. Có lõi Vương Miện Hắc Hóa → lên S, dễ có 8 tướng 3 sao. | I19: Đổi tướng từ từ ở cấp 6 trên 50 vàng; 18.2 giảm Mặt Trời cuối game → cần lên 8 thêm tướng 4–5 vàng. | J19: Mở đầu với Kayle hoặc Xayah; Leona, Varus, Sejuani. | K19: Leona, Varus, Kayle, Sejuani, Shen, Diana. | L19: Leona | M19: Varus | N19: Kayle | O19: Sejuani | P19: Shen | Q19: Diana | R19: Aphelios | S19: Alune | U19: Kayle | V19: Cuồng Đao Guinsoo | W19: Găng Bảo Thạch | X19: Mũ Phù Thủy Rabadon | Y19: Có thể dùng 2 Cuồng Đao · Tạo Tác: Đao Chớp, Đao Tím | Z19: Aphelios | AA19: Cuồng Đao Guinsoo | AB19: Vô Cực Kiếm | AC19: Kiếm Tử Thần | AD19: Chủ lực vật lý phụ | AE19: Sejuani | AF19: Thú Tượng Thạch Giáp | AG19: Giáp Tâm Linh | AH19: Giáp Máu Warmog | AI19: — | AJ19: Cung Gỗ > Gậy Quá Khổ > Găng Đấu Tập > Giáp Lưới | AK19: Vương Miện Hắc Hóa (lên S), Hàng Chờ Pandora, Bài Học Sơ Khai | AL19: Đầu game có từ 3 Kayle; nhận được Vương Miện Hắc Hóa. | AM19: Kayle đứng cạnh Diana/Alune (Mặt Trăng) để nhận Tốc Độ Đánh + SMPT. | AN19: Ra sân từ 5 tướng 1 vàng để dùng Tinh Linh 'Chuột Nhắt Lan Tràn' · Mỗi tướng 3 sao khác nhau làm Mặt Trời mạnh hơn. | AO19: Cuối game yếu nếu không có tướng 4–5 vàng 2 sao. | AP19: Chủ lực ở góc (chuẩn) | AQ19: 143 | AZ19: Cóc Thành Tinh | BA19: 2 | BB19: Quái Rừng, Thích Ứng | BC19: — | BF19: Mũ Phù Thủy Rabadon | BG19: Gậy Quá Khổ + Gậy Quá Khổ | BH19: Chủ lực phép | BI19: Rất nhiều SMPT + Khuếch Đại Sát Thương. | BJ19: Soraka, Morgana, Kayle, Kha'Zix | BK19: Gậy Quá Khổ + Gậy Quá Khổ | DN19: Lên 9 nhanh (tướng 5 vàng)|3-2 | DO19: 6 | DP19: 40–50 | DQ19: Lõi 2: kinh tế / kinh nghiệm (Quà Sinh Nhật, Thăng Tiến Cuối Trận). | DR19: 6 | DS19: Chọn Lõi 2 | EC19: 85 | EN19: 18 | EP19: Thụ Thần | EQ19: Độc nhất (Ivern) | ER19: 1 | ES19: Ivern tích hạt giống; dùng 5 hạt để 'trồng' 1 ô sàn có hiệu ứng có lợi. | ET19: Ivern (5💰)
